date,home,away,elo_home,elo_away,pred_margin,p_home_win,actual_margin,season
2021-09-24,Zebre,Lions,0.0,0.0,6.0,0.6647755193619469,-12,2021-22
2021-09-24,Ulster,Glasgow,0.0,0.0,6.0,0.6647755193619469,6,2021-22
2021-09-24,Cardiff,Connacht,0.0,0.0,6.0,0.6647755193619469,12,2021-22
2021-09-25,Benetton,Stormers,0.0,0.0,6.0,0.6647755193619469,4,2021-22
2021-09-25,Leinster,Bulls,0.0,0.0,6.0,0.6647755193619469,28,2021-22
2021-09-25,Edinburgh,Scarlets,0.0,0.0,6.0,0.6647755193619469,4,2021-22
2021-09-25,Munster,Sharks,0.0,0.0,6.0,0.6647755193619469,25,2021-22
2021-09-26,Dragons,Ospreys,0.0,0.0,6.0,0.6647755193619469,-4,2021-22
2021-10-01,Scarlets,Lions,0.2,1.8,4.4,0.6225012978545231,23,2021-22
2021-10-01,Connacht,Bulls,-0.6000000000000001,-2.2,7.6000000000000005,0.7050590195555115,27,2021-22
2021-10-02,Benetton,Edinburgh,-0.2,-0.2,6.0,0.6647755193619469,1,2021-22
2021-10-02,Glasgow,Sharks,0.0,-1.9000000000000001,7.9,0.7123570240432648,11,2021-22
2021-10-02,Zebre,Ulster,-1.8,0.0,4.2,0.6170997003315326,-33,2021-22
2021-10-02,Ospreys,Cardiff,1.0,0.6000000000000001,6.4,0.6750498534566455,4,2021-22
2021-10-02,Munster,Stormers,1.9000000000000001,0.2,7.7,0.7075011563553953,16,2021-22
2021-10-03,Dragons,Leinster,-1.0,2.2,2.8,0.5787049604531256,-1,2021-22
2021-10-08,Ospreys,Sharks,0.76,-2.21,8.969999999999999,0.7376672571111057,-14,2021-22
2021-10-08,Ulster,Benetton,3.4200000000000004,-0.7,10.12,0.7635382621550278,20,2021-22
2021-10-09,Edinburgh,Stormers,0.3,-0.6300000000000001,6.93,0.6884598127466581,0,2021-22
2021-10-09,Connacht,Dragons,1.3399999999999999,-1.38,8.719999999999999,0.7318572378631392,-13,2021-22
2021-10-09,Cardiff,Bulls,0.8400000000000001,-4.140000000000001,10.98,0.7819286668507295,-10,2021-22
2021-10-09,Leinster,Zebre,2.58,-5.220000000000001,13.8,0.8361416676402871,36,2021-22
2021-10-09,Glasgow,Lions,0.31,-0.060000000000000275,6.37,0.6742837566352625,4,2021-22
2021-10-10,Scarlets,Munster,2.0600000000000005,2.7300000000000004,5.33,0.6472899715841602,-30,2021-22
2021-10-15,Dragons,Stormers,0.7920000000000003,0.06299999999999994,6.729,0.6834022638029869,-14,2021-22
2021-10-15,Ulster,Lions,4.408,0.17699999999999974,10.231000000000002,0.7659588592529962,16,2021-22
2021-10-16,Zebre,Glasgow,-6.840000000000001,0.07299999999999998,-0.9130000000000007,0.4741858201736415,-11,2021-22
2021-10-16,Benetton,Ospreys,-1.6880000000000002,-1.5370000000000001,5.848999999999999,0.6608641478318491,-3,2021-22
2021-10-16,Leinster,Scarlets,4.2,-1.4729999999999994,11.672999999999998,0.7961285996002394,35,2021-22
2021-10-16,Edinburgh,Bulls,-0.39300000000000007,-2.0420000000000003,7.649000000000001,0.7062568407156448,7,2021-22
2021-10-16,Munster,Connacht,6.263,-0.8320000000000003,13.095,0.82348377578059,2,2021-22
2021-10-16,Cardiff,Sharks,-1.2580000000000002,0.08700000000000019,4.654999999999999,0.6293536064347327,6,2021-22
2021-10-22,Scarlets,Benetton,-3.3057,-2.5729,5.267200000000001,0.6456342564670694,6,2021-22
2021-10-22,Glasgow,Leinster,1.0816999999999999,6.0327,1.0489999999999995,0.5296528169743022,-16,2021-22
2021-10-23,Ospreys,Munster,-0.6521000000000001,5.153499999999999,0.1944000000000008,0.5055001363373224,8,2021-22
2021-10-23,Cardiff,Dragons,-1.1235000000000002,-1.2809,6.1574,0.6688337349387392,2,2021-22
2021-10-23,Connacht,Ulster,0.27749999999999986,4.9849000000000006,1.2925999999999993,0.536521376515423,25,2021-22
2021-10-23,Zebre,Edinburgh,-7.848700000000001,-0.4579000000000002,-1.3908000000000007,0.4607127304881781,-17,2021-22
2021-11-26,Connacht,Ospreys,2.64824,0.1284599999999998,8.519779999999999,0.7271578603995945,28,2021-22
2021-11-27,Benetton,Glasgow,-2.64618,-0.6232000000000002,3.97702,0.6110505411508349,1,2021-22
2021-11-27,Dragons,Edinburgh,-0.8651599999999999,1.10302,4.031820000000001,0.6125397542839934,-16,2021-22
2021-11-27,Leinster,Ulster,7.7376000000000005,2.6141600000000005,11.12344,0.7849137357646208,-10,2021-22
2021-12-03,Leinster,Connacht,5.625256,4.596262,7.028994,0.6909377636410086,28,2021-22
2021-12-03,Sharks,Bulls,-0.047499999999999876,-1.9771,7.929600000000001,0.7130724432173697,14,2021-22
2021-12-03,Edinburgh,Benetton,3.106202,-2.9438820000000003,12.050084,0.8036180850977448,14,2021-22
2021-12-04,Ospreys,Ulster,-1.8195620000000006,4.726504,-0.5460660000000006,0.4845535907622372,6,2021-22
2021-12-04,Stormers,Lions,2.1359000000000004,-0.39990000000000014,8.5358,0.7275353653255879,-18,2021-22
2021-12-04,Glasgow,Dragons,-0.3254980000000002,-2.868342,8.542843999999999,0.727701272244905,19,2021-22
2021-12-24,Zebre,Benetton,-9.40962,-3.1388736,-0.27074640000000016,0.49234003198365445,-25,2021-22
2022-01-01,Scarlets,Ospreys,-3.23242,-1.1649554000000004,3.932535400000001,0.6098404512670001,3,2021-22
2022-01-01,Connacht,Munster,2.4991614,4.37294,4.1262214,0.6151012615451641,2,2021-22
2022-01-08,Glasgow,Ospreys,0.7202175999999999,-1.0717018600000003,7.79191946,0.7097376305845938,19,2021-22
2022-01-08,Edinburgh,Cardiff,3.3011936,-1.5392400000000002,10.840433599999999,0.779001420360286,24,2021-22
2022-01-08,Munster,Ulster,4.5855621399999995,4.0718974,6.51366474,0.677945728125628,5,2021-22
2022-01-22,Lions,Sharks,2.25368,0.5595400000000001,7.694139999999999,0.7073583066897818,-10,2021-22
2022-01-22,Bulls,Stormers,-2.58414,-0.5176799999999999,3.93354,0.6098677906417387,-4,2021-22
2022-01-28,Ulster,Scarlets,4.223263874000001,-3.32567354,13.548937414000001,0.8317031863724677,12,2021-22
2022-01-28,Dragons,Benetton,-3.9140576000000005,-0.6659482400000001,2.7518906399999996,0.5773698914691452,0,2021-22
2022-01-29,Ospreys,Edinburgh,-2.1925099140000004,4.61715024,-0.8096601540000004,0.4771042380516668,4,2021-22
2022-01-29,Zebre,Munster,-11.88254536,4.434195665999999,-10.316741025999999,0.23218080525081602,-17,2021-22
2022-01-29,Sharks,Stormers,2.328954,0.2756740000000001,8.053279999999999,0.7160525783471832,0,2021-22
2022-01-29,Cardiff,Leinster,-2.8551966400000004,7.7223566,-4.57755324,0.3727233059725637,2,2021-22
2022-01-29,Connacht,Glasgow,2.28653926,1.841025654,6.445513606,0.6762107015276613,-22,2021-22
2022-01-29,Lions,Bulls,0.4842660000000003,-3.377494,9.86176,0.7578538301450521,-24,2021-22
2022-02-04,Ulster,Connacht,4.0683701326,-0.5580121006000001,10.626382233200001,0.7744685308908008,20,2021-22
2022-02-05,Stormers,Sharks,1.081002,1.5236260000000001,5.557376,0.6532612120923648,10,2021-22
2022-02-05,Bulls,Lions,0.008682000000000745,-2.9019100000000004,8.910592000000001,0.7362924728273056,8,2021-22
2022-02-11,Glasgow,Munster,4.6855770146,5.102521563399999,5.583055451200001,0.653933240348781,2,2021-22
2022-02-11,Leinster,Edinburgh,7.064601276,4.1361842246,8.9284170514,0.7367053550402776,19,2021-22
2022-02-12,Lions,Stormers,-2.8108508000000003,1.5252644000000002,1.6638847999999995,0.5469685537239337,-22,2021-22
2022-02-12,Bulls,Sharks,-0.08237719999999937,1.0793636000000002,4.8382591999999995,0.634253035074517,-7,2021-22
2022-02-18,Munster,Edinburgh,5.460827108519999,3.12902592974,8.331801178780001,0.7227089287527066,14,2021-22
2022-02-19,Scarlets,Connacht,-3.1707797986,-1.49537387728,4.324594078680001,0.6204674844666973,-6,2021-22
2022-02-19,Leinster,Ospreys,8.07175957086,-1.7115438986000004,15.78330346946,0.8685116577959773,22,2021-22
2022-02-19,Glasgow,Benetton,4.327271469479999,-0.3907591760000001,10.718030645479999,0.7764157480365284,10,2021-22
2022-02-20,Dragons,Ulster,-4.189246664000001,5.00573190928,-3.1949785732800002,0.4103696416208839,-12,2021-22
2022-02-25,Leinster,Lions,8.693429223913999,-5.17723928,19.870668503913997,0.9206219234610049,8,2021-22
2022-02-25,Zebre,Bulls,-12.5508712574,-1.2662031199999995,-5.2846681374000015,0.3539049200068559,-38,2021-22
2022-02-26,Connacht,Stormers,-0.462914469412,3.89165288,1.6454326505879995,0.5464500552770282,2,2021-22
2022-02-26,Benetton,Sharks,-0.3189561114520002,2.26318952,3.4178543685479994,0.5957652775827477,-22,2021-22
2022-03-04,Edinburgh,Connacht,2.562206047618,-0.42745773447079993,8.9896637820888,0.7381214946427179,48,2021-22
2022-03-04,Ulster,Cardiff,5.886234051952,-2.1974413160000004,14.083675367952,0.8410644361608843,36,2021-22
2022-03-05,Munster,Dragons,6.027646990641999,-5.069748806672001,17.097395797314,0.8873550217805253,61,2021-22
2022-03-05,Benetton,Leinster,-2.8607415483068004,7.506362373522599,-4.367103921829399,0.3783855459106369,-44,2021-22
2022-03-05,Scarlets,Glasgow,-4.203239206468,4.2554684049319995,-2.4587076113999995,0.4307848197694931,25,2021-22
2022-03-06,Ospreys,Zebre,-2.3332135516540005,-15.022404443660001,18.689190892006,0.9074930943716415,5,2021-22
2022-03-11,Sharks,Scarlets,4.8049749568548,-1.4573684453279996,12.262343402182799,0.8077595445482565,17,2021-22
2022-03-12,Ulster,Leinster,7.4778665151568,10.069651981339659,3.408214533817141,0.5955004048197912,5,2021-22
2022-03-12,Bulls,Munster,1.2053300662600008,7.3179074109106,-0.11257734465059865,0.4968147953595387,5,2021-22
2022-03-13,Lions,Cardiff,-3.9901724296086005,-3.7890737792048004,5.7989013495962,0.6595625706538334,17,2021-22
2022-03-13,Stormers,Zebre,3.8561961450588003,-13.6534853544594,23.5096814995182,0.9522779127579684,48,2021-22
2022-03-18,Glasgow,Edinburgh,1.5095976437919991,4.663239669409121,2.8463579743828777,0.5799905719059464,13,2021-22
2022-03-18,Bulls,Scarlets,1.7165878007250606,-1.9311341051097197,9.64772190583478,0.7530867959822587,45,2021-22
2022-03-19,Sharks,Zebre,5.2787406166365205,-14.30251720450758,25.5812578211441,0.9651821933865391,32,2021-22
2022-03-20,Stormers,Cardiff,4.5052279951069805,-4.90918364424518,15.414411639352162,0.8628515411252576,37,2021-22
2022-03-25,Munster,Benetton,6.80664967644554,-5.424031156123861,18.2306808325694,0.9019868763906883,29,2021-22
2022-03-25,Lions,Ospreys,-2.8700625645682205,-3.7021326408546003,6.83207007628638,0.6860000690353617,30,2021-22
2022-03-26,Stormers,Ulster,5.963786831171764,7.637045061775085,4.326741769396678,0.6205254574224436,3,2021-22
2022-03-26,Zebre,Scarlets,-14.744391422393171,-3.966361914526242,-4.778029507866929,0.367354834215878,-17,2021-22
2022-03-26,Sharks,Edinburgh,5.72061483452211,3.6478754668474087,8.0727393676747,0.7165201101252697,-16,2021-22
2022-03-26,Bulls,Dragons,3.7518156101415827,-6.360009226940601,16.11182483708218,0.8734148042636702,35,2021-22
2022-03-26,Connacht,Leinster,-2.5284913562619202,9.910473434721373,-6.438964790983293,0.3239562241888685,-37,2021-22
2022-03-26,Cardiff,Glasgow,-6.367742480309964,2.5249618463537113,-2.8927043266636754,0.41872499161071935,4,2021-22
2022-04-01,Glasgow,Zebre,1.8356914136873437,-15.966588471606478,23.80227988529382,0.954304458402198,28,2021-22
2022-04-01,Sharks,Dragons,3.31334089775464,-7.748826743232383,17.062167640987024,0.8868764409713947,48,2021-22
2022-04-02,Benetton,Connacht,-6.500963072866921,-4.884594877163591,4.38363180429667,0.6220601088704507,-4,2021-22
2022-04-02,Lions,Edinburgh,-0.5532695721968581,6.0551494036148785,-0.6084189758117367,0.4827908686901798,6,2021-22
2022-04-02,Stormers,Ospreys,5.831112654232096,-6.018925633225963,17.85003828745806,0.8972363273548706,16,2021-22
2022-04-02,Munster,Leinster,7.8835815931886,12.266576955623044,1.6170046375655556,0.5456510841479796,-15,2021-22
2022-04-02,Scarlets,Cardiff,-2.7441648653129347,-5.678472047643597,8.934307182330663,0.7368417157194509,15,2021-22
2022-04-02,Bulls,Ulster,5.1406331264333645,7.769719238714753,3.3709138877186113,0.5944750873871718,18,2021-22
2022-04-09,Sharks,Lions,4.607124133655938,0.1075723253843156,10.49955180827162,0.7717580506344817,27,2021-22
2022-04-09,Stormers,Bulls,5.64610882548629,6.603541737661503,5.0425670878247875,0.6396894654406928,2,2021-22
2022-04-09,Cardiff,Scarlets,-6.2850413294105305,-2.137595583546001,1.8525542541354705,0.5522653453863522,-35,2021-22
2022-04-16,Scarlets,Dragons,1.0476598418675462,-9.042609979133681,16.09026982100123,0.8730970552242283,-11,2021-22
2022-04-22,Ulster,Munster,6.306810627486614,6.221881129432044,6.08492949805457,0.6669676678436154,-7,2021-22
2022-04-22,Stormers,Glasgow,5.341852116703811,2.2554634251579615,9.086388691545851,0.740349973736587,25,2021-22
2022-04-22,Edinburgh,Zebre,5.394307506033705,-16.386360483077095,27.7806679891108,0.9755957179695511,3,2021-22
2022-04-23,Bulls,Benetton,6.907798446443982,-7.339326253296588,20.24712469974057,0.9244940332367879,17,2021-22
2022-04-23,Dragons,Scarlets,-6.333582997033558,-1.661367140232577,1.3277841431990192,0.5375125801523486,-19,2021-22
2022-04-23,Lions,Connacht,-1.5424724937885226,-4.0462316967339245,8.503759202945401,0.7267800774186627,-3,2021-22
2022-04-23,Sharks,Leinster,6.257168952828776,13.9282774193796,-1.671108466550825,0.45282848572642675,5,2021-22
2022-04-23,Cardiff,Ospreys,-9.470296754824078,-5.833921804480156,2.3636250496560782,0.5665639888651892,-16,2021-22
2022-04-29,Munster,Cardiff,7.530374079237502,-11.306659259789686,24.837033339027187,0.9609223939172975,21,2021-22
2022-04-29,Bulls,Glasgow,6.583085976469925,0.6641022943125465,11.918983682157378,0.8010333407982483,12,2021-22
2022-04-30,Stormers,Leinster,6.933213247549226,13.261166572724518,-0.32795332517529197,0.49072179774667535,7,2021-22
2022-04-30,Lions,Benetton,-2.6928484140830626,-7.014613783322531,10.321765369239468,0.7679279528058199,8,2021-22
2022-04-30,Zebre,Dragons,-13.908293684166015,-8.36636141135346,0.45806772718744426,0.5129581875197614,5,2021-22
2022-04-30,Sharks,Connacht,6.924279799483859,-2.895855776439384,15.820135575923242,0.8690678086954897,20,2021-22
2022-04-30,Ospreys,Scarlets,-3.997559299514548,0.371411274087325,1.6310294263981269,0.5460452750274304,18,2021-22
2022-04-30,Edinburgh,Ulster,2.916240707122625,4.9983176776811575,3.917923029441468,0.6094427260897398,-6,2021-22
2022-05-06,Cardiff,Zebre,-10.922955925886967,-13.45410045688476,8.531144530997793,0.7274256877919703,28,2021-22
2022-05-08,Ospreys,Dragons,-2.3606622421543606,-8.820554638634714,12.459892396480354,0.8115655943344413,19,2021-22
2022-05-13,Dragons,Cardiff,-9.474565398986678,-8.976070378986746,5.5015049800000675,0.6517974093987304,-1,2021-22
2022-05-14,Benetton,Zebre,-6.782437246398584,-15.40098600378498,14.618548757386396,0.8500799867763307,22,2021-22
2022-05-20,Ulster,Sharks,5.990109980625304,7.342266241891535,4.647843738733769,0.6291618518130488,3,2021-22
2022-05-20,Ospreys,Bulls,-1.7066514818023961,6.591187608254187,-2.2978390900565833,0.4352720861577388,-7,2021-22
2022-05-20,Benetton,Cardiff,-6.0442921221372234,-8.325919880986739,8.281627758849515,0.7215154940867188,48,2021-22
2022-05-21,Leinster,Munster,12.528371240206988,7.1466707453347835,11.381700494872202,0.7902280540701394,10,2021-22
2022-05-21,Edinburgh,Glasgow,1.9244484041784782,0.6560006625282844,7.268447741650194,0.6968956319074594,17,2021-22
2022-05-21,Dragons,Lions,-10.124715896986686,-2.9250249510070097,-1.1996909459796763,0.4660971206223818,-10,2021-22
2022-05-21,Connacht,Zebre,-3.3138422188470598,-16.13913112804634,18.82528890919928,0.909082587247023,2,2021-22
2022-05-21,Scarlets,Stormers,-1.2654857832728625,7.666008580066755,-2.9314943633396178,0.4176506348846409,-5,2021-22
2022-06-03,Ulster,Munster,5.825325606751927,7.284840794822004,4.540484811929924,0.6262813040038052,19,2021-22
2022-06-04,Stormers,Edinburgh,7.872859143732794,2.897603630013459,10.975255513719334,0.7818295250616217,11,2021-22
2022-06-04,Bulls,Sharks,7.061403699248529,7.5070506157649115,5.554353083483618,0.6531820709346385,3,2021-22
2022-06-04,Leinster,Glasgow,12.390201190719768,-0.31715456330669634,18.707355754026466,0.907706423398309,62,2021-22
2022-06-10,Leinster,Bulls,13.519465615317122,6.805968390900167,12.713497224416956,0.8163829651240682,-1,2021-22
2022-06-11,Stormers,Ulster,7.87533359236086,7.271277125558935,6.604056466801925,0.6802409917579006,2,2021-22
2022-06-18,Stormers,Bulls,7.414927945680668,8.177318113341864,5.237609832338803,0.6448531576210867,5,2021-22
2022-09-16,Benetton,Glasgow,-2.7107184286155226,-1.0124932915328348,4.301774862917313,0.6198513547366753,22,2022-23
2022-09-17,Edinburgh,Dragons,2.0265904269697743,-7.703322761672102,15.729913188641877,0.8677025930690707,38,2022-23
2022-09-17,Ulster,Connacht,5.412177940567389,-3.497459776836892,14.90963771740428,0.8548402803723781,26,2022-23
2022-09-17,Scarlets,Ospreys,-1.0306354428572304,-1.5238073009577162,6.493171858100486,0.6774244152133024,0,2022-23
2022-09-17,Cardiff,Munster,-7.348429973571251,4.087222493210497,-5.435652466781748,0.3499308116823113,7,2022-23
2022-09-17,Lions,Bulls,-1.4314958319234838,5.74075536760302,-1.172251199526504,0.4668707531487291,-16,2022-23
2022-09-17,Zebre,Leinster,-10.119621565988488,8.503681125012797,-12.623302691001285,0.18532146823295292,-4,2022-23
2022-09-23,Leinster,Benetton,7.641350855912668,-0.9408959149072538,14.582246770819921,0.8494791066308021,32,2022-23
2022-09-23,Zebre,Sharks,-9.25729129688836,5.43374014687929,-8.691031443767649,0.26882015658126734,-5,2022-23
2022-09-23,Glasgow,Cardiff,-2.7823158052411037,-6.104864726893076,9.322548921651972,0.7457495316150359,28,2022-23
2022-09-24,Ospreys,Lions,-0.8744901151476676,-2.9142707119708335,8.039780596823167,0.7157280243569154,-1,2022-23
2022-09-24,Stormers,Connacht,5.173816873712751,-4.606496005096464,15.780312878809214,0.8684664295337902,23,2022-23
2022-09-24,Bulls,Edinburgh,7.22353024765037,3.453599108105587,9.769931139544783,0.7558147607333427,2,2022-23
2022-09-24,Scarlets,Ulster,-1.679952628667279,6.521214168826961,-2.20116679749424,0.4379727165151388,-16,2022-23
2022-09-25,Dragons,Munster,-9.130331442807915,2.843657246532322,-5.973988689340237,0.33589699715744764,6,2022-23
2022-09-30,Bulls,Connacht,6.446537133695891,-5.328464717215542,17.775001850911433,0.8962804267741821,14,2022-23
2022-09-30,Ulster,Leinster,7.901097489077537,9.183126178830676,4.71797131024686,0.6310395554736463,-7,2022-23
2022-09-30,Cardiff,Lions,-7.972609834727878,-2.0102926522885167,0.037682817560638515,0.5010661880336049,-13,2022-23
2022-10-01,Stormers,Edinburgh,5.895785585831829,4.230592222060065,7.665193363771764,0.7066521973549694,16,2022-23
2022-10-01,Benetton,Scarlets,-2.4826712378252616,-3.059835948917855,6.5771647110925935,0.679558861086045,11,2022-23
2022-10-01,Ospreys,Glasgow,-1.7784681748299844,-0.9145706974063008,5.136102522576317,0.6421690338342807,15,2022-23
2022-10-01,Munster,Zebre,1.6462583775982982,-8.888188152511594,16.534446530109893,0.8795330649430477,16,2022-23
2022-10-01,Dragons,Sharks,-7.932932573873891,5.064637002502526,-6.997569576376416,0.309847897734092,-1,2022-23
2022-10-07,Edinburgh,Lions,3.3971115584372416,-0.7065243705324529,10.103635928969695,0.7631802460935675,-3,2022-23
2022-10-07,Connacht,Munster,-4.950964532124399,1.5928137245873089,-0.5437782567117075,0.48461827134351265,9,2022-23
2022-10-08,Glasgow,Bulls,-1.9009604451486692,6.069036948604747,-1.9699973937534168,0.44444214185832537,14,2022-23
2022-10-08,Zebre,Stormers,-8.834743499500604,6.729266249454653,-9.564009748955257,0.2487912045715826,-17,2022-23
2022-10-08,Leinster,Sharks,10.354923309855362,4.464880044864884,11.890043264990478,0.8004600077599885,20,2022-23
2022-10-08,Scarlets,Cardiff,-3.502119477808596,-9.276378116483942,11.774258638675345,0.7981562924275158,-6,2022-23
2022-10-08,Ulster,Ospreys,6.729300358052851,-0.792078427087616,13.521378785140467,0.8312113161290606,30,2022-23
2022-10-09,Benetton,Dragons,-2.040387708934521,-7.333175616236249,11.29278790730173,0.7884072400416549,20,2022-23
2022-10-14,Ospreys,Stormers,-2.4399405485735697,7.472865274559128,-3.9128058231326976,0.39069658312017996,0,2022-23
2022-10-14,Connacht,Leinster,-3.996586706453228,11.165918983356315,-9.162505689809542,0.25790324836341605,-10,2022-23
2022-10-15,Lions,Ulster,0.6038392223645166,8.377162479538804,-1.7733232571742867,0.4499579420399533,-2,2022-23
2022-10-15,Sharks,Glasgow,3.653884371363932,-0.30396070577332757,9.95784507713726,0.7599774873786687,28,2022-23
2022-10-15,Cardiff,Dragons,-7.498952252616407,-8.203896825506076,6.704944572889669,0.682794653911418,17,2022-23
2022-10-15,Edinburgh,Benetton,2.086747965540272,-1.1696664996646937,9.256414465204966,0.7442433939287603,45,2022-23
2022-10-15,Scarlets,Zebre,-5.279545341676131,-9.578342524605079,10.298797182928947,0.7674305468545584,24,2022-23
2022-10-15,Munster,Bulls,0.6384358989161381,4.472037209229406,2.1663986896867327,0.5610552904918216,14,2022-23
2022-10-21,Benetton,Bulls,-3.244025053144197,3.288677078198079,-0.5327021313422762,0.4849314285293306,-22,2022-23
2022-10-21,Connacht,Scarlets,-4.0803361374722735,-3.909425059969025,5.8290889224967515,0.6603470811607256,22,2022-23
2022-10-22,Zebre,Edinburgh,-10.948462806312184,4.161106519019776,-9.109569325331961,0.25911741736242677,-19,2022-23
2022-10-22,Leinster,Munster,11.24966841437536,1.8217960299474647,15.427872384427896,0.8630609590634106,14,2022-23
2022-10-22,Cardiff,Stormers,-6.469446709905374,7.081584692245858,-7.551031402151232,0.2961402776058816,6,2022-23
2022-10-23,Dragons,Ospreys,-9.23340236821711,-2.0486599662603,-1.18474240195681,0.4665185621680475,7,2022-23
2022-10-28,Scarlets,Leinster,-5.52651616771935,11.106881175932571,-10.633397343651922,0.2253820834684076,-30,2022-23
2022-10-28,Glasgow,Benetton,-2.108176198059602,-5.39075484000997,9.28257864195037,0.7448398099006681,37,2022-23
2022-10-29,Lions,Stormers,0.5811715480819453,5.7264815520307355,0.85468999605121,0.5241676087533883,-9,2022-23
2022-10-29,Dragons,Zebre,-8.41492812802143,-11.937505873778989,9.522577745757559,0.7502765031402507,40,2022-23
2022-10-29,Munster,Ulster,1.9645832683902544,8.399830153821375,-0.43524688543112067,0.48768717636984854,-1,2022-23
2022-10-29,Ospreys,Connacht,-2.8671342064559813,-2.4632450297219486,5.596110823265967,0.6542747122833559,-3,2022-23
2022-10-30,Bulls,Sharks,5.435406865063852,5.458099863650206,5.977307001413646,0.6641888263483482,13,2022-23
2022-10-30,Cardiff,Edinburgh,-5.11434356969025,5.15014958648658,-4.2644931561768304,0.38115592318386554,-8,2022-23
2022-11-25,Ulster,Zebre,8.456305465278263,-13.985248099203233,28.441553564481495,0.9781591017514988,21,2022-23
2022-11-25,Stormers,Scarlets,6.711950551635857,-7.463176433354159,20.175126984990015,0.9237648385179468,17,2022-23
2022-11-26,Munster,Connacht,1.9081079569333665,-1.6036339473953518,9.51174190432872,0.7500323721296093,7,2022-23
2022-11-26,Benetton,Edinburgh,-7.4624969758149335,5.523700270868897,-6.9861972466838305,0.31013243877245256,7,2022-23
2022-11-26,Bulls,Ospreys,6.137676164922487,-3.726745288782578,15.864421453705065,0.8697343537823248,17,2022-23
2022-11-26,Leinster,Glasgow,13.04354144156738,-0.03643406225463863,19.079975503822016,0.9120024908428899,35,2022-23
2022-11-27,Sharks,Cardiff,4.755830563791571,-5.487894254072567,16.243724817864138,0.8753471107264053,-35,2022-23
2022-11-27,Lions,Dragons,-0.40429745152317575,-6.3671859025971855,11.96288845107401,0.8019012318869674,8,2022-23
2022-12-02,Sharks,Ospreys,0.13145808200515763,-3.8403031434120716,9.971761225417229,0.7602842157885439,15,2022-23
2022-12-02,Edinburgh,Munster,4.125080546200514,1.6569337665004946,8.468146779700021,0.7259393813121914,-21,2022-23
2022-12-03,Stormers,Dragons,6.394437853136855,-5.970897057489784,18.36533491062664,0.9036282696490914,8,2022-23
2022-12-03,Zebre,Glasgow,-13.241092742755082,-1.128436511872437,-6.112656230882646,0.33231789569085946,-28,2022-23
2022-12-03,Connacht,Benetton,-1.3524597569624799,-6.06387725114655,10.71141749418407,0.7762755619119461,19,2022-23
2022-12-03,Bulls,Cardiff,6.251234019551981,-0.8635217722861537,13.114755791838133,0.8238466927924188,36,2022-23
2022-12-03,Leinster,Ulster,14.135543891185177,7.712150108830113,12.423393782355067,0.8108659209586384,9,2022-23
2022-12-04,Lions,Scarlets,-0.8005862966305768,-7.145663734855157,12.34507743822458,0.8093592170222897,17,2022-23
2022-12-23,Glasgow,Edinburgh,1.0602978650392982,1.1782658682305116,5.882031996808786,0.6617212806865674,6,2022-23
2022-12-23,Connacht,Ulster,-0.5236015063808869,8.05448948706562,-2.578090993446507,0.42746047349510885,-2,2022-23
2022-12-23,Sharks,Lions,0.6342819594634348,-0.33509404045303476,6.969375999916469,0.6894464772343405,27,2022-23
2022-12-23,Stormers,Bulls,5.3579043620741915,7.939758440368167,3.4181459217060235,0.5957732878761158,10,2022-23
2022-12-24,Benetton,Zebre,-6.8927355017281435,-15.429827119666818,14.537091617938675,0.848729450713174,33,2022-23
2022-12-26,Dragons,Cardiff,-4.934363566427121,-2.55204619310234,3.6176826266752196,0.6012458809390347,-5,2022-23
2022-12-26,Ospreys,Scarlets,-4.343127020870349,-7.611155991032699,9.26802897016235,0.7445082379497967,20,2022-23
2022-12-26,Munster,Leinster,4.603748444470497,13.793204512949671,-3.189456068479174,0.4105219405688315,-1,2022-23
2022-12-30,Edinburgh,Glasgow,1.1664690679113903,1.0720946653584196,6.094374402552971,0.6672111035203395,-7,2022-23
2022-12-31,Stormers,Lions,6.016089769903589,-2.338156440461388,14.354246210364977,0.8456685414572721,32,2022-23
2022-12-31,Zebre,Benetton,-16.97611795787295,-5.346444663522011,-5.62967329435094,0.3448480154188477,-23,2022-23
2022-12-31,Sharks,Bulls,2.637344359471788,7.28157303253877,1.3557713269330183,0.5383008658682973,27,2022-23
2023-01-01,Cardiff,Ospreys,-1.690277930434818,-3.269929917886584,7.579651987451766,0.7045609451504051,-3,2022-23
2023-01-01,Ulster,Munster,7.99668038772097,4.822694051318415,9.173986336402555,0.7423596861439609,-1,2022-23
2023-01-01,Scarlets,Dragons,-8.684353094016464,-5.796131829094643,3.111778735078179,0.5873344641666801,16,2022-23
2023-01-01,Leinster,Connacht,13.574258906101754,-0.4657924070362362,20.04005131313799,0.9223823464238119,29,2022-23
2023-01-06,Dragons,Bulls,-7.084953955586824,4.717150165232072,-5.802104120818896,0.3403541633437721,-15,2022-23
2023-01-06,Munster,Lions,5.8400926849586705,-3.9027318194248903,15.74282450438356,0.8678985622130662,30,2022-23
2023-01-07,Benetton,Ulster,-3.6094119929571047,6.979281754080714,-4.588693747037818,0.3724243181631476,2,2022-23
2023-01-07,Edinburgh,Zebre,-0.1429683723439068,-18.71315062843786,24.57018225609395,0.9592952835755186,7,2022-23
2023-01-07,Cardiff,Scarlets,-2.7482431291799947,-7.395530967524282,10.647287838344287,0.7749135470110852,-6,2022-23
2023-01-07,Connacht,Sharks,-1.3617872757224372,5.201767226778486,-0.5635545025009234,0.4840591578829856,12,2022-23
2023-01-07,Ospreys,Leinster,-2.2119647191414074,14.470253774787954,-10.682218493929362,0.2243439979598354,-5,2022-23
2023-01-08,Glasgow,Stormers,2.381532105613717,7.580665148867091,0.800866956746626,0.5226473745820275,7,2022-23
2023-01-27,Scarlets,Bulls,-5.730802183689853,5.636939753150182,-5.367741936840035,0.351716304544034,9,2022-23
2023-01-27,Ulster,Stormers,6.320412379376932,6.960751844541753,5.35966053483518,0.6480710016549449,30,2022-23
2023-01-28,Leinster,Cardiff,13.902031925395018,-4.412971913014424,24.315003838409442,0.9576883367391819,24,2022-23
2023-01-28,Edinburgh,Sharks,-1.899986597953302,3.9454117765283936,0.15460162551830425,0.5043741765403458,-3,2022-23
2023-01-28,Connacht,Lions,-0.10543182547234475,-5.328449368986535,11.223017543514189,0.7869719769814065,19,2022-23
2023-01-28,Benetton,Munster,-2.9505426182533228,7.265810234520314,-4.216352852773637,0.38245777005088966,-10,2022-23
2023-01-28,Dragons,Glasgow,-8.004743543504935,3.001445409939054,-5.0061889534439885,0.3612764930882768,-14,2022-23
2023-01-29,Zebre,Ospreys,-16.956132402828462,-1.643742869748471,-9.31238953307999,0.25448153429816367,-4,2022-23
2023-02-04,Sharks,Stormers,4.260871939080224,4.49671789802527,5.7641540410549545,0.6586587070124622,-27,2022-23
2023-02-17,Munster,Ospreys,7.844174949242951,-2.17498182305647,16.01915677229942,0.8720448204649457,55,2022-23
2023-02-17,Glasgow,Ulster,3.9008265145946552,8.784446325893414,1.1163801887012408,0.5315536432552076,6,2022-23
2023-02-18,Lions,Sharks,-6.106147614635116,0.9844565349747287,-1.0906041496098449,0.46917342815164464,-22,2022-23
2023-02-18,Zebre,Connacht,-16.424893449520464,0.6722664201762364,-11.0971598696967,0.21563138698156625,-23,2022-23
2023-02-18,Bulls,Stormers,4.200165559466178,7.773133302130766,2.427032257335412,0.5683323152179612,-4,2022-23
2023-02-18,Leinster,Dragons,13.870531541554074,-8.904124648160536,28.77465618971461,0.9793624449535039,29,2022-23
2023-02-18,Cardiff,Benetton,-4.38147152917348,-3.528907332975959,5.1474358038024794,0.6424690677353805,17,2022-23
2023-02-18,Scarlets,Edinburgh,-4.29402799000585,-2.2154467605051322,3.9214187704992827,0.609537884966178,28,2022-23
2023-02-25,Sharks,Ulster,3.0753961200137443,8.296084344763539,0.7793117752502052,0.5220384538274133,-7,2022-23
2023-02-25,Lions,Glasgow,-8.197087199674131,4.3891884957245315,-6.586275695398663,0.3202099634844879,11,2022-23
2023-03-03,Glasgow,Zebre,2.630560926184665,-17.615177462550793,26.245738388735457,0.9686561366412973,42,2022-23
2023-03-03,Munster,Scarlets,9.242259272013008,-1.8861698670557776,17.128429139068786,0.8877754158506185,7,2022-23
2023-03-04,Stormers,Sharks,8.415836527864307,2.2974649424887237,12.118371585375584,0.8049563284380927,6,2022-23
2023-03-04,Bulls,Lions,3.557462333732637,-6.438459630134265,15.995921963866902,0.8716997130200735,-4,2022-23
2023-03-04,Edinburgh,Leinster,-4.623304883455204,13.893065922582613,-12.516370806037816,0.18735487358478065,-20,2022-23
2023-03-04,Ospreys,Benetton,-3.5730661458265276,-4.714163752595711,7.141097606769184,0.6937334072644991,-1,2022-23
2023-03-04,Dragons,Connacht,-8.926659029189075,1.8625504332065663,-4.789209462395641,0.3670562015233859,-2,2022-23
2023-03-04,Cardiff,Ulster,-3.1962151095537275,9.07401552228856,-6.270230631842288,0.32826929366627655,-22,2022-23
2023-03-24,Zebre,Cardiff,-17.99060362367725,-4.769192046369499,-7.22141157730775,0.304270620020471,-4,2022-23
2023-03-24,Leinster,Stormers,14.641428841978831,7.803999369326749,12.83742947265208,0.8187089595263528,0,2022-23
2023-03-25,Benetton,Lions,-3.900053991918793,-4.438867433747575,6.538813441828782,0.6785850009288987,-4,2022-23
2023-03-25,Ospreys,Dragons,-4.387175906503446,-8.64773808294951,10.260562176446065,0.7666012049598998,19,2022-23
2023-03-25,Connacht,Edinburgh,1.5836294869670022,-5.371667802851423,12.955297289818425,0.8209039347613664,15,2022-23
2023-03-25,Scarlets,Sharks,-0.873326953148899,2.9093021010262823,2.2173709458248188,0.5624801665528463,12,2022-23
2023-03-25,Munster,Glasgow,8.22941635810613,3.0059870873111194,11.22342927079501,0.7869804633494762,-12,2022-23
2023-03-25,Ulster,Bulls,10.646992459104332,1.557870137345947,15.089122321758385,0.8577242187741162,9,2022-23
2023-04-14,Sharks,Benetton,1.931039195608764,-4.953935336101671,12.884974531710435,0.819596379405862,10,2022-23
2023-04-14,Glasgow,Scarlets,5.3283300143906205,0.10493595226861929,11.223394062122,0.7869797376492449,3,2022-23
2023-04-14,Ulster,Dragons,10.038080226928495,-9.521681865304904,25.5597620922334,0.9650647349273911,21,2022-23
2023-04-15,Stormers,Munster,9.087742316591957,5.907073431026629,9.180668885565328,0.7425126685302732,-2,2022-23
2023-04-15,Lions,Leinster,-3.3849860895646966,13.357685894713622,-10.742671984278319,0.2230623429325967,-3,2022-23
2023-04-15,Connacht,Cardiff,1.7880997579851599,-5.091333204100274,12.879432962085435,0.8194930875533417,19,2022-23
2023-04-15,Edinburgh,Ospreys,-5.576138073869581,-3.513232124148052,3.9370940502784713,0.609964506876718,24,2022-23
2023-04-15,Bulls,Zebre,2.1667823695217856,-17.668462465946472,25.83524483546826,0.9665456537115915,66,2022-23
2023-04-21,Stormers,Benetton,7.969675428035424,-4.665437882930628,18.63511331096605,0.9068558452311115,16,2022-23
2023-04-21,Ulster,Edinburgh,9.582104017705154,-3.569847478897428,19.15195149660258,0.9128148618797917,14,2022-23
2023-04-22,Lions,Zebre,-2.6107188911368646,-18.084937982399648,21.474219091262782,0.9361199294776923,15,2022-23
2023-04-22,Dragons,Scarlets,-9.065705656081564,0.9272753584808194,-3.992981014562383,0.3885155420306112,17,2022-23
2023-04-22,Bulls,Leinster,2.5832578859749598,12.58341869628579,-4.000160810310831,0.38832039712038835,55,2022-23
2023-04-22,Sharks,Munster,1.6425417424377204,7.025140319583162,0.6174014228545586,0.5174630386777354,0,2022-23
2023-04-22,Ospreys,Cardiff,-5.519522719120205,-5.703389907891731,6.183867188771526,0.669514206518316,-17,2022-23
2023-04-22,Glasgow,Connacht,4.50599060817842,2.4001564617766165,8.105834146401804,0.717314398610132,2,2022-23
2023-05-05,Ulster,Connacht,9.066908868044896,3.010739876416797,12.056168991628098,0.8037375590898027,-5,2022-23
2023-05-06,Stormers,Bulls,7.706164096938818,5.983273967006043,7.722890129932774,0.7080588400031896,12,2022-23
2023-05-06,Leinster,Sharks,9.183402615254707,1.5808016001522647,13.602601015102442,0.8326583333080289,30,2022-23
2023-05-06,Glasgow,Munster,3.8954071935382397,7.086880461868618,2.8085267316696223,0.5789414894139994,-9,2022-23
2023-05-13,Stormers,Connacht,8.13387508394554,4.716356775579607,9.417518308365933,0.7479041908387716,18,2022-23
2023-05-13,Leinster,Munster,10.823142513744463,8.26773313503558,8.555409378708884,0.7279970991890312,-1,2022-23
2023-05-27,Stormers,Munster,8.992123253108947,9.223274072906468,5.768849180202478,0.6587808925574401,-5,2022-23
2023-10-21,Zebre,Ulster,-12.206261251291357,5.15290437821746,-11.359165629508817,0.21023255702296934,-4,2023-24
2023-10-21,Connacht,Ospreys,2.70067602449134,-5.4865366065981505,14.18721263108949,0.8428367772832224,8,2023-24
2023-10-21,Lions,Stormers,-2.2806985601842,5.540666834562089,-1.8213653947462887,0.4486096478528673,-2,2023-24
2023-10-21,Dragons,Edinburgh,-4.876485288237728,-2.1382566304660187,3.261771342228291,0.5914712842493859,-5,2023-24
2023-10-21,Cardiff,Benetton,-2.3695022323102046,-3.0813485862838155,6.711846353973611,0.682969034744392,-1,2023-24
2023-10-21,Munster,Sharks,7.210111293648701,-0.04125680883624376,13.251368102484944,0.8263433426840521,13,2023-24
2023-10-22,Bulls,Scarlets,3.8888940859995236,-0.820415920082793,10.709310006082317,0.7762308767083455,42,2023-24
2023-10-22,Glasgow,Leinster,1.900188164259894,6.907321103111502,0.9928670611483916,0.528068762888703,18,2023-24
2023-10-28,Ospreys,Zebre,-4.867815343489202,-11.470344688340475,12.602529344851273,0.8142845841414116,3,2023-24
2023-10-28,Connacht,Glasgow,2.081954761382391,3.6009014581450547,4.481053303237337,0.6246836465381145,8,2023-24
2023-10-28,Stormers,Scarlets,5.5585302950874595,-2.749484919474561,14.30801521456202,0.8448881732732341,45,2023-24
2023-10-28,Leinster,Sharks,5.206607809226341,-0.016119998587749325,11.22272780781409,0.7869660049397389,21,2023-24
2023-10-28,Edinburgh,Lions,-1.3120794962431894,-2.2985620207095714,6.986482524466382,0.6898747004031602,1,2023-24
2023-10-29,Ulster,Bulls,4.4169878152665785,5.817963085391292,4.599024729875286,0.6278528750268956,7,2023-24
2023-10-29,Benetton,Munster,-2.310163950886454,7.1849744834002065,-3.4951384342866607,0.4021127923309069,0,2023-24
2023-10-29,Dragons,Cardiff,-5.702662422460557,-3.140686867707566,3.4380244452470086,0.5963193466019517,-7,2023-24
2023-11-03,Glasgow,Stormers,3.2490067884687885,7.127728773631258,2.1212780148375305,0.5597933281370152,11,2023-24
2023-11-03,Ospreys,Sharks,-5.828068277974329,-0.9938472178063404,1.1657789398320115,0.5329467504773139,14,2023-24
2023-11-04,Zebre,Bulls,-10.510091753855347,5.577865558378821,-10.087957312234167,0.23716305288715478,-25,2023-24
2023-11-04,Leinster,Edinburgh,6.1843350284449325,-1.9107277486898275,14.09506277713476,0.8412600033342115,9,2023-24
2023-11-04,Scarlets,Cardiff,-4.31868339801836,-2.096884423182865,3.7782010251645053,0.605633991090269,6,2023-24
2023-11-04,Munster,Dragons,6.83546063997154,-6.746464866985258,19.5819255069568,0.9175515459771166,31,2023-24
2023-11-04,Connacht,Ulster,2.4338494310586576,4.65708534227905,3.7767640887796077,0.6055947678936949,2,2023-24
2023-11-05,Benetton,Lions,-1.9606501074577882,-1.6999137682629333,5.739263660805145,0.6580106862061694,5,2023-24
2023-11-10,Cardiff,Bulls,-2.3190643206664143,7.069069827155404,-3.3881341478218188,0.40505148234603416,-6,2023-24
2023-11-10,Ulster,Munster,4.834761751157011,7.87726808927586,2.9574936618811503,0.5830691169799135,7,2023-24
2023-11-10,Zebre,Sharks,-12.00129602263193,-2.2772693238231394,-3.7240266988087907,0.3958455108670339,2,2023-24
2023-11-11,Ospreys,Glasgow,-4.54464617195753,4.136878986985035,-2.6815251589425655,0.42458439820746596,-8,2023-24
2023-11-11,Benetton,Stormers,-2.0345764735383027,6.239856575115011,-2.274433048653314,0.4359256836793503,3,2023-24
2023-11-11,Edinburgh,Connacht,-1.4012214709763513,2.256173022180697,2.3426055068429523,0.5659774911710163,3,2023-24
2023-11-11,Scarlets,Lions,-4.09650350053481,-1.6259874021824188,3.5294839016476085,0.5988292840417341,-1,2023-24
2023-11-12,Dragons,Leinster,-7.788272316289579,5.674828750731456,-7.463101067021035,0.2982993894212632,-23,2023-24
2023-11-17,Edinburgh,Bulls,-1.3354820216606464,7.330256412373222,-2.6657384340338686,0.4250231059927513,8,2023-24
2023-11-17,Ulster,Lions,5.239012384968896,-1.173039012017658,12.412051396986552,0.8106481635735028,7,2023-24
2023-11-17,Zebre,Cardiff,-11.42889335275105,-2.5802509058842324,-2.8486424468668177,0.41994609645009895,0,2023-24
2023-11-18,Sharks,Connacht,-2.8496719937040185,2.190433572864992,0.9598944334309896,0.5271380769229129,-1,2023-24
2023-11-18,Dragons,Ospreys,-9.341962209587475,-5.076493656063274,1.734531446475799,0.5489529501560478,15,2023-24
2023-11-18,Munster,Stormers,7.4730174554639754,5.71241327024968,7.760604185214294,0.70897660475616,7,2023-24
2023-11-18,Leinster,Scarlets,7.228518644029353,-4.549451890699571,17.777970534728926,0.8963183674320631,49,2023-24
2023-11-18,Glasgow,Benetton,4.668726471090778,-1.5071331686729712,12.17585963976375,0.8060786222568044,14,2023-24
2023-11-24,Cardiff,Stormers,-2.8651151505709143,5.788473688771109,-2.6535888393420235,0.4253608024206781,7,2023-24
2023-11-24,Edinburgh,Benetton,-0.26890817825725954,-1.6895472046965962,7.420639026439337,0.700655403939626,-2,2023-24
2023-11-25,Lions,Zebre,-0.6318338723190027,-11.144029108064368,16.512195235745367,0.8792162219528453,42,2023-24
2023-11-25,Bulls,Connacht,6.263682568969835,2.386423016208091,9.877259552761743,0.7581970864554974,26,2023-24
2023-11-25,Sharks,Dragons,-3.0456614370471176,-8.015415354235055,10.969753917187937,0.781714530019306,55,2023-24
2023-11-25,Leinster,Munster,8.45072159055646,7.396957036942546,7.053764553613914,0.691556452786174,5,2023-24
2023-11-25,Glasgow,Ulster,4.851140507114403,4.697807245270241,6.153333261844162,0.6687291295700251,13,2023-24
2023-11-26,Ospreys,Scarlets,-6.4030405114156945,-5.771654837226679,5.368614325810984,0.6483066530206152,22,2023-24
2023-12-01,Munster,Glasgow,7.602333492303938,5.535807180929987,8.066526311373952,0.7163708750129012,11,2023-24
2023-12-02,Lions,Dragons,0.7169466041064607,-9.918439962516262,16.63538656662272,0.8809630292576278,25,2023-24
2023-12-02,Bulls,Sharks,7.875956613693661,-1.1426368287659112,15.01859344245957,0.8565956261914984,34,2023-24
2023-12-02,Cardiff,Scarlets,-1.8997562666367118,-7.43479340464558,11.535037138008867,0.7933464556332177,-6,2023-24
2023-12-02,Stormers,Zebre,4.823114804836907,-12.492809584489832,23.31592438932674,0.9508967788560744,24,2023-24
2023-12-02,Connacht,Leinster,0.7741489714842653,8.24534513519507,-1.471196163710804,0.45844970697407017,-2,2023-24
2023-12-02,Benetton,Ospreys,-0.7474833020526624,-4.739901943996793,9.99241864194413,0.7607391350544694,5,2023-24
2023-12-02,Ulster,Edinburgh,4.013140571454657,-1.2109720809011932,11.22411265235585,0.7869945485181358,-3,2023-24
2023-12-22,Glasgow,Edinburgh,5.2424598120673815,0.21143918433439168,11.031020627732989,0.7829931622320312,12,2023-24
2023-12-22,Ulster,Connacht,2.590729306219072,0.7212685878553458,7.869460718363725,0.7116180203928059,1,2023-24
2023-12-23,Zebre,Benetton,-12.561217145557158,-1.2467251662470755,-5.314491979310083,0.35311863779127234,-7,2023-24
2023-12-23,Stormers,Bulls,4.891522365904233,9.374097269447704,1.5174250964565292,0.542850958782376,6,2023-24
2023-12-26,Cardiff,Dragons,-3.653259980437599,-10.75490130585399,13.101641325416391,0.8236058307083892,34,2023-24
2023-12-26,Scarlets,Ospreys,-5.681289690844693,-4.24066007980238,4.559370388957687,0.6267885398148101,-14,2023-24
2023-12-26,Munster,Leinster,7.895680861166543,8.298225518823989,5.597455342342554,0.6543098719519789,-6,2023-24
2023-12-30,Benetton,Zebre,-1.0781743641780839,-12.72976794762615,17.65159358344807,0.8946943092813457,22,2023-24
2023-12-30,Edinburgh,Glasgow,0.11454124710769058,5.3393577492940825,0.7751834978136083,0.5219218265887329,5,2023-24
2023-12-30,Stormers,Sharks,5.3397798562585805,-2.6407774845199543,13.980557340778535,0.8392863035322269,1,2023-24
2024-01-01,Connacht,Munster,1.4082146596917182,6.735935326932287,0.6722793327594312,0.5190141182198978,13,2023-24
2024-01-01,Ospreys,Cardiff,-2.3847230409066107,-1.963424112979238,5.5787010720726276,0.6538193208097312,6,2023-24
2024-01-01,Dragons,Scarlets,-12.444737173312351,-7.537226729740462,1.0924895564281112,0.5308797575209729,1,2023-24
2024-01-01,Leinster,Ulster,9.457971053058245,1.9037832343826993,13.554187818675546,0.831796791663606,-1,2023-24
2024-01-06,Sharks,Lions,-1.3427217504421007,1.5534079474441886,3.1038703021137106,0.5871160745662664,-2,2023-24
2024-01-27,Bulls,Lions,8.925839779093357,2.0637949776555597,12.862044801437797,0.819168740916608,2,2023-24
2024-02-16,Scarlets,Munster,-7.527977774097651,5.50316326020823,-7.031141034305881,0.30900858883744053,-35,2023-24
2024-02-16,Zebre,Edinburgh,-13.164608589281343,0.5370228973263298,-7.701631486607673,0.292459078539842,-5,2023-24
2024-02-17,Lions,Bulls,3.1499994577993395,7.8396352989495774,1.3103641588497617,0.5370218550833511,-15,2023-24
2024-02-17,Sharks,Stormers,-1.8531087806534718,4.041724122180727,0.10516709716580142,0.5029755469900874,-4,2023-24
2024-02-17,Cardiff,Connacht,-2.0055540057719754,2.6409867264157754,1.3534592678122492,0.5382357501770094,-4,2023-24
2024-02-17,Leinster,Benetton,8.002552271190691,-0.6433337225228908,14.645885993713582,0.8505314226851742,29,2023-24
2024-02-17,Glasgow,Dragons,4.916876099075443,-12.453986128955162,23.370862228030603,0.9512915894928836,33,2023-24
2024-02-18,Ospreys,Ulster,-2.3425931481138735,3.359202016250254,0.29820483563587263,0.5084367126918397,2,2023-24
2024-03-01,Edinburgh,Ospreys,0.26685974866556245,-2.1724136316774607,8.439273380343023,0.7252568351737205,4,2023-24
2024-03-01,Munster,Zebre,7.800049156777641,-12.894445440620576,26.69449459739822,0.9708361271017951,16,2023-24
2024-03-02,Lions,Sharks,1.5189630419143634,-2.263625490370052,9.782588532284414,0.7560963684563052,30,2023-24
2024-03-02,Benetton,Glasgow,-2.0787451231515326,5.5797898762723825,-1.6585349994239151,0.45318176545400346,-10,2023-24
2024-03-02,Bulls,Stormers,9.470671714834554,4.452240831897307,11.018430882937245,0.7827307689983275,18,2023-24
2024-03-02,Connacht,Scarlets,3.1763326531970004,-9.824863670667062,19.001196323864065,0.911106879215164,16,2023-24
2024-03-02,Cardiff,Leinster,-2.5408999325532005,9.437963671819332,-5.978863604372533,0.3357709172407854,-13,2023-24
2024-03-02,Ulster,Dragons,3.189022499813841,-13.116899906152101,22.305922405965944,0.9431729675224468,23,2023-24
2024-03-22,Glasgow,Cardiff,6.413936376329991,-3.243013572115947,15.656949948445938,0.8665913849648634,4,2023-24
2024-03-22,Ospreys,Munster,-1.7284862936431584,6.730599697037819,-2.459085990680977,0.43077427554949915,-10,2023-24
2024-03-23,Sharks,Ulster,-4.28536663714161,3.2584302592172465,-1.5437968963588569,0.45640726687554894,10,2023-24
2024-03-23,Scarlets,Benetton,-9.524744038280655,-2.9128916232091413,-0.6118524150715139,0.4826938146275571,3,2023-24
2024-03-23,Stormers,Edinburgh,3.754083920191032,-0.17706758936873984,9.931151509559772,0.7593885310475728,22,2023-24
2024-03-23,Connacht,Lions,2.876213020810594,3.540704188685922,5.335508832124672,0.6474350788687564,-24,2023-24
2024-03-23,Zebre,Leinster,-11.824995980880754,10.140077311382079,-15.965073292262833,0.12875948129892528,-24,2023-24
2024-03-23,Dragons,Bulls,-13.186307665555507,10.16882862654083,-17.355136292096336,0.10918747859540512,-21,2023-24
2024-03-29,Dragons,Zebre,-13.550794036345874,-12.62848865165447,5.077694615308596,0.6406213708723828,7,2023-24
2024-03-29,Leinster,Bulls,10.943569982155795,10.533314997331196,6.410254984824597,0.6753115610403427,33,2023-24
2024-03-30,Stormers,Ulster,4.960968769235055,2.1040505695813607,8.856918199653695,0.735047233728678,6,2023-24
2024-03-30,Sharks,Edinburgh,-3.1309869475057246,-1.3839524384127628,4.252965490907038,0.6185324587137999,10,2023-24
2024-03-30,Ospreys,Lions,-2.4825776945750606,6.474255071898389,-2.9568327664734495,0.41694917548770954,15,2023-24
2024-03-30,Scarlets,Glasgow,-9.163558796773504,5.248241381485397,-8.4118001782589,0.2753933885145984,-42,2023-24
2024-03-30,Munster,Cardiff,7.484691097969722,-2.0773185772713534,15.562009675241075,0.8651358851438166,5,2023-24
2024-03-30,Benetton,Connacht,-3.274076864716293,-0.05733786240187344,2.7832609976855807,0.5782405430439801,4,2023-24
2024-04-19,Ulster,Cardiff,2.38974238954673,-1.0211176097472459,9.410859999293976,0.7477534421870269,2,2023-24
2024-04-19,Glasgow,Sharks,7.407061363659507,-2.5562834965964285,15.963344860255935,0.8712147566379265,11,2023-24
2024-04-20,Bulls,Munster,8.174340495813656,6.428490130445614,7.7458503653680415,0.7086177337249568,-5,2023-24
2024-04-20,Benetton,Dragons,-3.152402964484851,-13.358563497876734,16.206160533391884,0.8747989137950952,17,2023-24
2024-04-20,Lions,Leinster,4.6785717952510435,13.302544483673335,-2.623972688422292,0.42618420851924366,32,2023-24
2024-04-20,Stormers,Ospreys,4.675276949269685,-0.6868944179277154,11.362171367197401,0.7898289143551881,-6,2023-24
2024-04-20,Edinburgh,Scarlets,-1.958655889322059,-11.322378778947614,15.363722889625556,0.8620609794086231,25,2023-24
2024-04-20,Connacht,Zebre,-0.17901176263331536,-12.82071919012361,18.641707427490296,0.9069337233913072,38,2023-24
2024-04-26,Scarlets,Sharks,-12.28600648998506,-2.059949010570835,-4.226057479414225,0.3821952226593146,-5,2023-24
2024-04-26,Ulster,Benetton,1.6486563896173325,-3.0730190178240395,10.721675407441372,0.7764929886412635,4,2023-24
2024-04-27,Lions,Munster,7.940969064093273,7.703075166982419,6.237893897110855,0.6709014932785253,-20,2023-24
2024-04-27,Stormers,Leinster,2.939059812549945,10.040147214831105,-1.1010874022811592,0.46887771178896154,30,2023-24
2024-04-27,Zebre,Glasgow,-13.95654844737458,6.9107268776339135,-14.867275325008492,0.14584609222452827,-31,2023-24
2024-04-27,Bulls,Ospreys,6.899755459276852,1.0493227187920249,11.850432740484827,0.7996736814495796,37,2023-24
2024-04-27,Cardiff,Edinburgh,-0.28003160981784825,-0.9950281782846145,6.714996568466766,0.6830486147592386,-17,2023-24
2024-04-27,Dragons,Connacht,-13.437947444537546,0.9568174946176551,-8.3947649391552,0.2757969510322187,-7,2023-24
2024-05-10,Dragons,Stormers,-13.298470950622026,6.049168552778061,-13.347639503400087,0.17191084674844526,-23,2023-24
2024-05-10,Edinburgh,Zebre,1.376471478562062,-15.469820914873731,22.846292393435792,0.9474165505855211,26,2023-24
2024-05-11,Scarlets,Ulster,-12.363400742043638,0.9764888488731952,-7.339889590916833,0.3013368185213159,-11,2023-24
2024-05-11,Bulls,Glasgow,8.71471218522837,8.423999345133064,6.290712840095306,0.6722554959428537,6,2023-24
2024-05-11,Sharks,Benetton,-1.9825547585122574,-2.400851477079902,6.418296718567644,0.6755167258562511,-1,2023-24
2024-05-11,Leinster,Ospreys,6.9300384746029895,-0.7656340071594925,13.695672481762482,0.8343065915064475,47,2023-24
2024-05-11,Munster,Connacht,10.326864556693504,0.8173410007021351,15.509523555991368,0.8643265776143616,35,2023-24
2024-05-11,Lions,Cardiff,5.317179674382187,-2.651531266664525,13.968710941046712,0.8390811994398026,21,2023-24
2024-05-17,Zebre,Scarlets,-15.785191675530152,-12.729411782951955,2.9442201074218026,0.5827016930178623,-14,2023-24
2024-05-17,Edinburgh,Munster,1.6918422392184826,11.775912201094368,-4.084069961875885,0.3860418710699103,-3,2023-24
2024-05-18,Bulls,Benetton,8.68564090121884,-1.6590218052231376,16.344662706441976,0.8768118363101931,21,2023-24
2024-05-18,Ospreys,Dragons,-2.3960667589832445,-14.263707000282016,17.867640241298773,0.8974596313267102,13,2023-24
2024-05-18,Lions,Glasgow,6.020308580277516,8.453070629142594,3.5672379511349206,0.5998641931009953,23,2023-24
2024-05-18,Connacht,Stormers,-0.6317066436987282,7.014404602438053,-1.6461112461367815,0.45353087503574996,-4,2023-24
2024-05-18,Sharks,Cardiff,-2.724384430369022,-3.354660172559854,6.6302757421908325,0.6809054780383365,-22,2023-24
2024-05-18,Ulster,Leinster,1.342499889781512,8.560471226426742,-1.2179713366452303,0.46558179665409893,2,2023-24
2024-05-31,Glasgow,Zebre,6.509794424256087,-17.479613686272334,29.98940811052842,0.9832861516345612,12,2023-24
2024-05-31,Leinster,Connacht,8.238674092762219,-0.86709551908505,15.105769611847268,0.8579897271585866,26,2023-24
2024-06-01,Benetton,Edinburgh,-2.12455553457894,1.800249235406071,2.0751952300149887,0.558503829730825,25,2023-24
2024-06-01,Stormers,Lions,7.249793477824375,7.963584785164024,5.286208692660352,0.6461357108247177,5,2023-24
2024-06-01,Scarlets,Dragons,-11.034989772209775,-13.776942976152139,8.741953203942364,0.7323700140113396,17,2023-24
2024-06-01,Sharks,Bulls,-5.5874120045881055,9.151174630574642,-8.738586635162747,0.2677085891621068,-12,2023-24
2024-06-01,Cardiff,Ospreys,-0.49163259834077033,-2.8828307831131217,8.391198184772351,0.724118516259051,-4,2023-24
2024-06-01,Munster,Ulster,11.66750520490678,1.664297023446035,16.003208181460746,0.8718080049595107,5,2023-24
2024-06-07,Munster,Ospreys,10.567184386760704,-1.6437109646358865,18.21089535139659,0.9017439813097526,16,2023-24
2024-06-08,Leinster,Ulster,9.328097131577492,2.7646178415921097,12.563479289985382,0.8135426304098925,23,2023-24
2024-06-08,Glasgow,Stormers,4.710853613203245,7.22117260855834,3.489681004644905,0.5977374609944776,17,2023-24
2024-06-15,Bulls,Leinster,9.477315967058368,10.371749202578954,5.1055667644794145,0.6413602025049594,5,2023-24
2024-06-15,Munster,Glasgow,10.346094851621045,6.061885512738755,10.284209338882292,0.7671143205866516,-7,2023-24
2024-06-22,Bulls,Glasgow,9.466759290610426,7.790306446626984,7.6764528439834425,0.7069269491329425,-5,2023-24
2024-09-20,Cardiff,Zebre,-1.2115266917726037,-10.976471012653644,15.764944320881039,0.8682338334350407,5,2024-25
2024-09-20,Edinburgh,Leinster,-0.3445618691147012,7.267614115318826,-1.6121759844335264,0.4544846439022637,-2,2024-25
2024-09-21,Dragons,Ospreys,-10.22192335903053,-0.9958350006473591,-3.226088358383171,0.4095119530142352,2,2024-25
2024-09-21,Munster,Connacht,6.032371742412971,-1.3695629905302262,13.401934732943197,0.8290687971034233,2,2024-25
2024-09-21,Benetton,Scarlets,0.11754745969369286,-7.146429564822808,13.2639770245165,0.8265726359299588,0,2024-25
2024-09-21,Ulster,Glasgow,1.2046760394134535,6.3405662117177295,0.8641098276957235,0.5244336367819277,1,2024-25
2024-09-27,Leinster,Dragons,7.306396516875473,-9.699314523192212,23.005711040067688,0.9486192399144295,28,2024-25
2024-09-27,Glasgow,Benetton,6.326977194487302,-1.208850242757957,13.53582743724526,0.8314693127675019,32,2024-25
2024-09-28,Scarlets,Cardiff,-5.820031862371158,-2.288021123860708,2.4679892614895502,0.5694738158654735,-9,2024-25
2024-09-28,Zebre,Munster,-9.89997658056554,4.89217826911865,-8.79215484968419,0.2664592519796787,9,2024-25
2024-09-28,Bulls,Edinburgh,5.739379804348457,-0.3833442706713486,12.122724075019804,0.8050414365565173,6,2024-25
2024-09-28,Ospreys,Stormers,-1.5184438364856763,4.109098496315981,0.3724576671983426,0.5105370094050273,13,2024-25
2024-09-28,Connacht,Sharks,-0.22936951723590648,-4.139487338750281,9.910117821514374,0.7589238984312783,6,2024-25
2024-09-28,Lions,Ulster,5.594543958101041,1.218265056643881,10.37627890145716,0.7691061400465418,13,2024-25
2024-10-04,Scarlets,Connacht,-6.966830788520113,-0.6203812993873439,-0.3464494891327692,0.4901986210442156,-1,2024-25
2024-10-04,Cardiff,Glasgow,-1.141222197711753,7.973394450762776,-3.114616648474529,0.4125871740792002,-16,2024-25
2024-10-05,Lions,Edinburgh,5.856916067955325,0.22892813683063185,11.627987931124693,0.7952233539786017,34,2024-25
2024-10-05,Bulls,Ulster,5.127107396846476,0.9558929467895971,10.17121445005688,0.7646568135614127,26,2024-25
2024-10-05,Benetton,Leinster,-2.855267499033431,7.805825412868705,-4.661092911902136,0.37048315709600743,-30,2024-25
2024-10-05,Munster,Ospreys,3.1129627841502314,-0.2556896032055105,9.368652387355741,0.7467967284917756,23,2024-25
2024-10-05,Zebre,Stormers,-8.120761095597121,2.8463442630358147,-4.967105358632936,0.36231527674529074,-31,2024-25
2024-10-05,Dragons,Sharks,-10.198743419185444,-3.7484755565988435,-0.45026786258660056,0.4872623856670433,-3,2024-25
2024-10-11,Glasgow,Zebre,9.261932785915324,-10.624050559733828,25.88598334564915,0.9668126921184933,30,2024-25
2024-10-12,Benetton,Sharks,-5.389158207843217,-3.4935023428575036,4.104344135014286,0.6145080817666525,28,2024-25
2024-10-12,Cardiff,Scarlets,-2.4297605328643,-7.032185839606836,10.602425306742536,0.7739579497681874,-6,2024-25
2024-10-12,Edinburgh,Stormers,-1.608273070056899,5.349633727172521,-0.9579067972294206,0.472918030917277,31,2024-25
2024-10-12,Leinster,Munster,10.339716121678492,4.476097545414658,11.863618576263836,0.7999356458768498,14,2024-25
2024-10-12,Ospreys,Bulls,-1.6188243644699365,6.709985951840788,-2.328810316310725,0.4344075081087214,-10,2024-25
2024-10-12,Ulster,Connacht,-0.6269856082047149,-0.5550262483006208,5.928040640095906,0.6629137427819083,5,2024-25
2024-10-13,Dragons,Lions,-10.453716632926785,7.6941172748428555,-12.147833907769641,0.19446800949612497,-4,2024-25
2024-10-18,Scarlets,Bulls,-5.3719433089325825,7.477104920209715,-6.849048229142298,0.31357288743372086,1,2024-25
2024-10-18,Ulster,Ospreys,-0.7197896722143056,-2.385943332838864,7.666153660624558,0.7066756349984766,24,2024-25
2024-10-19,Zebre,Lions,-11.035452225168912,6.8793338840658915,-11.914786109234804,0.1990497549046995,-1,2024-25
2024-10-19,Sharks,Glasgow,-5.883067929356075,9.673334451350408,-9.556402380706484,0.24896224461477368,4,2024-25
2024-10-19,Stormers,Munster,2.253843047449579,4.262459403041041,3.991383644408537,0.6114410380511237,15,2024-25
2024-10-19,Edinburgh,Cardiff,1.487517609666043,-4.090003063538553,11.577520673204596,0.7942055605490874,19,2024-25
2024-10-19,Connacht,Leinster,-0.4622221842910301,10.553354264052109,-5.015576448343139,0.3610271394030512,-21,2024-25
2024-10-19,Dragons,Benetton,-9.63893324214982,-2.999592621344646,-0.6393406208051737,0.48191683468458657,-10,2024-25
2024-10-25,Scarlets,Zebre,-4.587038486018352,-9.943973614245431,11.356935128227079,0.7897218194016378,22,2024-25
2024-10-25,Benetton,Bulls,-2.0635266834251635,6.692200097295485,-2.7557267807206487,0.4225236200678431,-2,2024-25
2024-10-26,Ospreys,Edinburgh,-4.019327966776409,2.2297655423455836,-0.24909350912199235,0.49295256994404696,9,2024-25
2024-10-26,Stormers,Glasgow,3.354704683008726,8.31769421327976,1.0370104697289673,0.5293145147057855,-11,2024-25
2024-10-26,Sharks,Munster,-4.5274276912854265,3.1615977674818945,-1.689025458767321,0.4523251322649112,17,2024-25
2024-10-26,Cardiff,Ulster,-4.832250996218094,0.9135949617232386,0.25415404205866743,0.5071905888569337,2,2024-25
2024-10-26,Leinster,Lions,12.151796619217794,5.787855273142411,12.363941346075382,0.8097228058427123,18,2024-25
2024-10-26,Connacht,Dragons,-2.0606645394567162,-10.574999180069302,14.514334640612585,0.8483507048109972,24,2024-25
2024-11-29,Glasgow,Scarlets,9.521395260252657,-3.52273199884106,19.044127259093717,0.9115957830763031,2,2024-25
2024-11-29,Ulster,Leinster,0.7390103659291054,12.715402484610257,-5.976392118681152,0.3358348349606464,-7,2024-25
2024-11-30,Edinburgh,Benetton,1.3048561914333843,-1.9879540053530986,9.292810196786483,0.7450728416031567,17,2024-25
2024-11-30,Zebre,Ospreys,-11.008280101422724,-3.0944186158642095,-1.913861485558514,0.44601544535763615,5,2024-25
2024-11-30,Sharks,Stormers,-2.658525145408694,2.151003636035829,1.1904712185554769,0.5336429537648346,6,2024-25
2024-11-30,Cardiff,Dragons,-4.6576664004239605,-11.523565716008044,12.865899315584084,0.8192406718353682,8,2024-25
2024-11-30,Connacht,Bulls,-1.1120980035179748,6.616627419223421,-1.7287254227413955,0.4512100900253603,-14,2024-25
2024-11-30,Munster,Lions,1.2926952216051621,5.22424940774995,2.068445813855212,0.5583149137042618,7,2024-25
2024-12-20,Ulster,Munster,0.6366495777972205,1.785850640219641,4.850798937577579,0.6345874958718419,-3,2024-25
2024-12-21,Leinster,Connacht,12.817763272742141,-2.3392254612438355,21.156988733985976,0.9332569709000933,8,2024-25
2024-12-21,Benetton,Zebre,-2.7586729856744503,-10.316893952866872,13.558220967192423,0.831868672711764,1,2024-25
2024-12-21,Stormers,Lions,1.6700507578913768,4.731093989135471,2.938956768755906,0.5825559790382822,19,2024-25
2024-12-21,Sharks,Bulls,-2.1775722672642415,7.843754876949282,-4.021327144213523,0.38774526609938653,3,2024-25
2024-12-21,Ospreys,Scarlets,-3.785804764420061,-1.8183192729316882,4.0325145085116265,0.6125586172751852,1,2024-25
2024-12-22,Glasgow,Edinburgh,7.8169825343432855,2.075575171754736,11.74140736258855,0.7974997763719788,19,2024-25
2024-12-26,Dragons,Cardiff,-11.036975784449636,-5.144256331982369,0.1072805475327332,0.5030353427902312,-2,2024-25
2024-12-27,Munster,Leinster,2.570930533977399,11.502064399343544,-2.931133865366144,0.417660616679488,-21,2024-25
2024-12-28,Stormers,Sharks,3.2761550810157862,-1.475439552842889,10.751594633858677,0.7771264695443201,4,2024-25
2024-12-28,Zebre,Benetton,-9.06107185614763,-4.014495082393693,0.9534232262460636,0.5269554029623903,-12,2024-25
2024-12-28,Edinburgh,Glasgow,1.3497159080135908,8.54284179808443,-1.1931258900708386,0.4662822033795628,3,2024-25
2024-12-28,Connacht,Ulster,-1.0235265878452378,-0.14843031596053746,5.124903728115299,0.6418724739939016,-10,2024-25
2025-01-01,Cardiff,Ospreys,-4.933528277229096,-4.089056215271224,5.155527938042129,0.6426832426242783,0,2024-25
2025-01-01,Scarlets,Dragons,-1.5150678220805256,-11.24770383920291,15.732636017122385,0.8677439370759621,17,2024-25
2025-01-24,Ospreys,Benetton,-3.573503421467011,-2.7191527597690865,5.145649338302075,0.6424217792213908,43,2024-25
2025-01-25,Cardiff,Sharks,-5.449081071033309,-0.8002800894570212,1.3511990184237126,0.5381720926386835,-20,2024-25
2025-01-25,Dragons,Munster,-11.37444023749067,0.764043920514013,-6.138484158004683,0.3316529335068685,-19,2024-25
2025-01-25,Leinster,Stormers,13.30895101280693,2.6009956176299185,16.70795539517701,0.8819836406715839,24,2024-25
2025-01-25,Scarlets,Edinburgh,-1.388331423792764,1.7690284970206747,2.8426400791865616,0.5798874975497176,6,2024-25
2025-01-25,Lions,Bulls,3.1249896660110617,7.14162216252793,1.983367503483131,0.5559324499258712,-13,2024-25
2025-01-26,Ulster,Zebre,1.3640600568509926,-10.356414178772235,17.72047423562323,0.8955817552780234,-1,2024-25
2025-01-26,Glasgow,Connacht,8.123529209077345,-2.5360169606567675,16.659546169734114,0.8813035007828609,3,2024-25
2025-02-08,Stormers,Bulls,1.8717911571476193,8.639958912876242,-0.7681677557286228,0.47827637820590485,-1,2024-25
2025-02-14,Ospreys,Leinster,-1.0880683552972186,14.038155473289228,-9.126223828586447,0.25873510483278883,-3,2024-25
2025-02-14,Edinburgh,Zebre,1.4532925049393308,-8.484366755209912,15.937659260149243,0.8708314945349734,-5,2024-25
2025-02-15,Benetton,Ulster,-5.204587825938879,-0.5079873667113304,1.3033995407724512,0.5368256443402725,15,2024-25
2025-02-15,Munster,Scarlets,2.0501955047135447,-1.0725954317114201,9.122790936424964,0.7411861152894499,21,2024-25
2025-02-15,Bulls,Sharks,8.66314213730338,1.3348398123853502,13.32830232491803,0.8277393902680801,-10,2024-25
2025-02-15,Connacht,Cardiff,-1.1700623436833562,-7.58420097287568,12.414138629192323,0.8106882469934484,5,2024-25
2025-02-15,Lions,Stormers,1.6266529156627485,1.8486079327204816,5.778044982942267,0.6590201544101129,7,2024-25
2025-02-16,Dragons,Glasgow,-12.660591821690202,6.757574592103934,-13.418166413794136,0.17063903101392158,-25,2024-25
2025-02-22,Bulls,Lions,6.330311904811577,1.748848417368522,10.581463487443054,0.7735106663035065,12,2024-25
2025-02-28,Zebre,Dragons,-6.390600829194987,-13.818775180310789,13.428174351115802,0.829540953435752,10,2024-25
2025-02-28,Munster,Edinburgh,3.2379164110710486,-0.6404734210755934,9.878389832146642,0.7582221075232429,-6,2024-25
2025-03-01,Lions,Sharks,1.6069947661128274,3.667670044877153,3.939324721235675,0.6100252065640971,24,2024-25
2025-03-01,Bulls,Stormers,6.472165556067272,1.7264124310147082,10.745753125052563,0.7770028674813138,-3,2024-25
2025-03-01,Leinster,Cardiff,13.425533090430584,-6.842787109956447,26.26832020038703,0.9687689676670984,18,2024-25
2025-03-01,Ulster,Scarlets,-1.8776474126340854,-2.2603163380689235,6.382668925434838,0.6746073674469372,2,2024-25
2025-03-01,Connacht,Benetton,-1.9114762066025883,-3.834927780016124,7.923451573413536,0.7129239077990085,8,2024-25
2025-03-01,Glasgow,Ospreys,7.915757950724521,-0.4754459724385738,14.391203923163093,0.8462905084702491,-1,2024-25
2025-03-08,Sharks,Lions,1.6616025170007203,3.61306229398926,4.04854022301146,0.6129938050190686,3,2024-25
2025-03-21,Glasgow,Munster,6.376637558408211,1.6500774278563843,10.726560130551826,0.7765964829713417,3,2024-25
2025-03-21,Cardiff,Lions,-6.015955089917744,3.7179163162904056,-3.73387140620815,0.3955765394299846,3,2024-25
2025-03-22,Scarlets,Stormers,-1.8220494455254397,3.1009877435199646,1.076962810954596,0.5304417453204159,-12,2024-25
2025-03-22,Ospreys,Connacht,1.0636744198777357,-1.9038213639439419,8.967495783821677,0.7376093802337639,3,2024-25
2025-03-22,Dragons,Ulster,-13.475957745199208,-2.3159143051775692,-5.160043440021639,0.35719726490794945,-4,2024-25
2025-03-22,Sharks,Zebre,1.5567484946995742,-6.733418264306567,14.29016675900614,0.8445861997575954,1,2024-25
2025-03-22,Benetton,Edinburgh,-3.8425826226747706,0.9473655621390709,1.2100518151861586,0.5341949591764156,3,2024-25
2025-03-22,Bulls,Leinster,5.097590243562015,12.598701070391881,-1.5011108268298656,0.45760799671256036,1,2024-25
2025-03-28,Ulster,Stormers,-2.431918649179733,4.408684024615424,-0.8406026737951575,0.4762302552140886,4,2024-25
2025-03-28,Edinburgh,Dragons,0.7683707436576868,-13.359953401197044,20.12832414485473,0.9232879515822513,33,2024-25
2025-03-29,Connacht,Munster,-1.307071785561774,2.422733440911567,2.2701947735266588,0.5639559466499846,-6,2024-25
2025-03-29,Benetton,Cardiff,-3.6635878041933863,-5.342567949296929,7.678980145103543,0.7069886034660937,1,2024-25
2025-03-29,Bulls,Zebre,5.3477013262450015,-5.404401588405953,16.752102914650955,0.8826014969217915,39,2024-25
2025-03-29,Sharks,Leinster,0.2277318187989601,12.348589987708895,-6.120858168909935,0.3321066724186218,-3,2024-25
2025-03-29,Scarlets,Ospreys,-3.1297457266208992,0.4669248414955679,2.4033294318835328,0.5676714393290951,16,2024-25
2025-03-29,Glasgow,Lions,5.603981545353028,3.0445291756695907,8.559452369683438,0.7280922494023715,42,2024-25
2025-04-18,Edinburgh,Sharks,1.7555383291722138,0.5398176356899536,7.21572069348226,0.6955881402685158,-1,2024-25
2025-04-19,Lions,Benetton,0.9004744126379345,-4.33148581870374,11.231960231341674,0.7871562559157433,-11,2024-25
2025-04-19,Munster,Bulls,3.2497529182642326,6.672491034779906,2.5772618834843257,0.5725164565989944,-3,2024-25
2025-04-19,Stormers,Connacht,3.9246237572359086,-2.1340912629144397,12.058715020150348,0.8037875352642823,5,2024-25
2025-04-19,Zebre,Glasgow,-6.729191296940858,7.748036308384684,-8.477227605325542,0.2738461279046691,-8,2024-25
2025-04-19,Dragons,Scarlets,-14.347120986711571,-1.7700786698092523,-6.577042316902319,0.32044424492887424,-8,2024-25
2025-04-19,Ospreys,Cardiff,-0.892742215316079,-4.674669934786575,9.781927719470495,0.7560816707139505,-17,2024-25
2025-04-19,Leinster,Ulster,12.036504170817901,-1.9478583818002173,19.984362552618116,0.9218068649942677,24,2024-25
2025-04-25,Glasgow,Bulls,7.700313547852129,7.230217223128339,6.470096324723791,0.6768369851831133,-7,2024-25
2025-04-25,Cardiff,Munster,-1.9964771628395255,2.6920267299158,1.3114961072446745,0.5370537440564305,5,2024-25
2025-04-25,Zebre,Edinburgh,-6.681468536408303,0.9339662598239876,-1.6154347962322908,0.45439304175576645,0,2024-25
2025-04-26,Lions,Connacht,-1.3227216104962332,-1.4282197608994047,6.105498150403172,0.6674977198066343,19,2024-25
2025-04-26,Ospreys,Dragons,-3.5709349872631284,-14.48941675502134,16.918481767758212,0.8849094192409277,33,2024-25
2025-04-26,Stormers,Benetton,3.2187522552208736,-2.1082897955695725,11.327042050790446,0.7891098134147446,51,2024-25
2025-04-26,Scarlets,Leinster,-1.6277829014994842,12.43806791555609,-8.065850817055574,0.2836453523568879,13,2024-25
2025-04-26,Ulster,Sharks,-2.3494221265384057,1.3613897050381798,2.2891881684234145,0.5644863633401347,-3,2024-25
2025-05-09,Munster,Ulster,2.3231763406402672,-2.8783409433807474,11.201517284021014,0.7865285476868589,18,2024-25
2025-05-09,Sharks,Ospreys,1.8903085218805213,-2.2627831640389493,10.15309168591947,0.7642613367965481,19,2024-25
2025-05-10,Connacht,Edinburgh,-2.717669945859088,0.7724227802007585,2.509907273940154,0.5706414996084516,-10,2024-25
2025-05-10,Benetton,Glasgow,-3.975585590490528,6.35330391537975,-4.328889505870278,0.3794165710964016,26,2024-25
2025-05-10,Bulls,Cardiff,8.577226855600717,-1.6276267735639929,16.20485362916471,0.874779811144078,24,2024-25
2025-05-10,Stormers,Dragons,5.086048050141829,-15.797568578245519,26.88361662838735,0.9717163553439285,36,2024-25
2025-05-10,Leinster,Zebre,10.331482833850533,-6.519925056785074,22.851407890635606,0.9474554869798715,71,2024-25
2025-05-11,Lions,Scarlets,-0.03327142553655027,0.47880218020607357,5.487926394257377,0.6514413119784903,-13,2024-25
2025-05-16,Edinburgh,Ulster,2.023413507594774,-3.558189214978646,11.581602722573422,0.7942879962833873,30,2024-25
2025-05-16,Stormers,Cardiff,5.397686387303094,-2.407141410647522,13.804827797950615,0.8362262660170635,10,2024-25
2025-05-16,Munster,Benetton,3.003024612238166,-0.9426966399035002,9.945721252141666,0.7597100895674886,9,2024-25
2025-05-17,Sharks,Scarlets,2.7749993532885746,2.3275948196318117,6.447404533656763,0.6762588936483173,9,2024-25
2025-05-17,Zebre,Connacht,-7.234784267721514,-3.9686606732531033,2.7338764055315896,0.576869753986206,-10,2024-25
2025-05-17,Lions,Ospreys,-1.8820640649622882,-3.1474739954470023,7.265409930484715,0.6968203704364777,1,2024-25
2025-05-17,Leinster,Glasgow,11.046342044786972,3.320414964792722,13.72592707999425,0.8348401197514763,8,2024-25
2025-05-17,Bulls,Dragons,9.356741492684247,-16.109206915406784,31.46594840809103,0.9871802052718848,40,2024-25
2025-05-30,Glasgow,Stormers,3.893007672792147,5.017203607508033,4.8758040652841155,0.6352541288030407,18,2024-25
2025-05-31,Bulls,Edinburgh,9.210146651875144,3.865253235337432,11.344893416537712,0.7894754129580572,9,2024-25
2025-05-31,Leinster,Scarlets,10.473749336787547,2.072335272997488,14.40141406379006,0.846462043537805,12,2024-25
2025-05-31,Sharks,Munster,3.0302588999228983,2.9084524870239994,6.121806412898899,0.6679177441275713,0,2024-25
2025-06-07,Leinster,Glasgow,10.23360793040854,5.205427266263736,11.028180664144802,0.7829339882148556,18,2024-25
2025-06-07,Bulls,Sharks,8.975657310221372,2.4180782586330083,12.557579051588364,0.8134303660281141,12,2024-25
2025-06-14,Leinster,Bulls,10.930789863994061,8.919899405062536,8.010890458931526,0.7150328495616673,25,2024-25
2025-09-26,Stormers,Leinster,2.593348809825511,8.840790572670635,-0.2474417628451242,0.4929992968438292,35,2025-26
2025-09-26,Glasgow,Sharks,3.155771732874751,1.7316853146542914,7.424086418220459,0.7007403237008093,16,2025-26
2025-09-26,Ulster,Dragons,-3.7800202599049126,-11.173828452218377,13.393808192313465,0.8289223983941307,21,2025-26
2025-09-27,Bulls,Ospreys,5.054691915668982,-1.7646531016789713,12.819345017347954,0.8183707000473464,13,2025-26
2025-09-27,Zebre,Edinburgh,-5.95572033579227,2.8698198038938423,-2.825540139686112,0.4205866490026395,3,2025-26
2025-09-27,Scarlets,Munster,1.6187336755635457,2.4644431898197223,5.154290485743823,0.6426504938264823,-13,2025-26
2025-09-27,Cardiff,Lions,-1.4186610415967222,-1.7560235406075317,6.337362499010809,0.6734494704559855,13,2025-26
2025-09-27,Connacht,Benetton,-1.886691122889961,-0.5936871602825334,4.706996037392572,0.6307458916440839,11,2025-26
2025-10-03,Stormers,Ospreys,5.618092986110023,-1.782718599944176,13.400811586054198,0.829048568514103,16,2025-26
2025-10-03,Dragons,Sharks,-11.93444763298703,0.8740939564763373,-6.808541589463368,0.31459214389328666,0,2025-26
2025-10-04,Bulls,Leinster,5.072757413934186,5.816046396386122,5.256711017548064,0.645357446127155,8,2025-26
2025-10-04,Benetton,Glasgow,-1.2229875565432762,4.013363091052705,0.7636493524040189,0.5215959675602339,2,2025-26
2025-10-04,Munster,Cardiff,4.279872238394105,-0.7523972914978031,11.03226952989191,0.7830191816414797,3,2025-26
2025-10-05,Zebre,Lions,-5.373166321823659,-2.4222872907064508,3.049120968882792,0.5856034480329424,2,2025-26
2025-10-10,Munster,Edinburgh,3.4766452854049135,2.287265789925231,7.189379495479683,0.6949340090877384,1,2025-26
2025-10-10,Scarlets,Stormers,-0.1966953730108365,5.878011827504603,-0.07470720051543989,0.4978862608872334,-34,2025-26
2025-10-11,Cardiff,Connacht,0.0508296614913879,-1.2573907266292181,7.308220388120606,0.6978802232618365,6,2025-26
2025-10-11,Benetton,Lions,-1.099352491783678,-2.3173751938181715,7.218022702034493,0.6956452763892989,26,2025-26
2025-10-11,Ospreys,Zebre,-2.0426374413387562,-5.478078418711938,9.435440977373181,0.7483097360123594,24,2025-26
2025-10-11,Glasgow,Dragons,3.8897280262931067,-11.253593474040693,21.143321500333798,0.9331314306080272,49,2025-26
2025-10-11,Leinster,Sharks,5.541717498140929,0.19323979753000042,11.348477700610928,0.7895487749469634,26,2025-26
2025-10-11,Ulster,Bulls,-3.019401079136259,5.347086312179379,-2.3664873913156383,0.433356155968711,21,2025-26
2025-10-17,Dragons,Cardiff,-12.139261324007313,-0.07999237732067274,-6.0592689466866405,0.3336940696752615,-7,2025-26
2025-10-17,Connacht,Bulls,-1.1265686878171575,3.0104375730478155,1.8629937391350269,0.5525581651332331,-1,2025-26
2025-10-17,Edinburgh,Benetton,2.9062037394731997,0.7788452380128728,8.127358501460327,0.7178304174692135,43,2025-26
2025-10-18,Ospreys,Glasgow,-0.5861815390760743,4.775395876259727,0.6384225846641991,0.5180572172541538,-25,2025-26
2025-10-18,Leinster,Munster,7.006869728079836,2.8577073358569454,10.149162392222891,0.7641755430422253,-17,2025-26
2025-10-18,Sharks,Ulster,-1.2719124324089068,-0.6827523400046953,5.410839907595788,0.6494172025923876,-8,2025-26
2025-10-18,Zebre,Stormers,-6.93453432097462,8.87054110745306,-9.80507542842768,0.2434037648552403,-18,2025-26
2025-10-18,Lions,Scarlets,-4.195572923614723,-3.1892246529592927,4.99365172934457,0.6383903971771065,11,2025-26
2025-10-24,Glasgow,Bulls,7.339238134726147,3.2967369469613184,10.042501187764827,0.7618400962123824,9,2025-26
2025-10-25,Leinster,Zebre,4.291953488857548,-7.754026778131853,18.0459802669894,0.8997022407391317,24,2025-26
2025-10-25,Sharks,Scarlets,-2.612996423168486,-3.7898594800248357,7.17686305685635,0.694622969681198,10,2025-26
2025-10-25,Lions,Ulster,-3.5949380965491797,0.6583316507548835,1.7467302526959367,0.5492954804784912,18,2025-26
2025-10-25,Benetton,Stormers,-1.4084189118410946,9.69003356461029,-5.098452476451385,0.35882833205321685,-15,2025-26
2025-10-25,Cardiff,Edinburgh,0.014080728010663207,5.093467889327167,0.9206128386834962,0.5260291209497597,1,2025-26
2025-10-25,Dragons,Ospreys,-12.23333442933865,-3.1500237975424943,-3.083310631796155,0.41345180212601623,0,2025-26
2025-10-25,Munster,Connacht,5.572623575079234,-1.4128680617306602,12.985491636809893,0.8214635230934355,2,2025-26
2025-11-28,Ulster,Benetton,-0.9669953239755229,-2.398573664195956,7.431578340220433,0.7009248348650613,34,2025-26
2025-11-28,Dragons,Leinster,-11.925003366159034,4.887355462158608,-10.812358828317642,0.22159012133035622,-14,2025-26
2025-11-29,Connacht,Sharks,-0.3143188980496707,-2.330682728854121,8.016363830804451,0.7151646159128032,27,2025-26
2025-11-29,Edinburgh,Ospreys,5.085529173195517,-3.45835486072211,14.543884033917628,0.8488423753192256,2,2025-26
2025-11-29,Scarlets,Glasgow,-4.072173174339201,7.234988015949664,-5.307161190288865,0.35331185033295337,23,2025-26
2025-11-29,Zebre,Cardiff,-8.349428751432914,0.02201944414231359,-2.371448195575227,0.43321776319610406,-15,2025-26
2025-11-29,Bulls,Lions,3.400987065737801,-1.9696111218187733,11.370598187556574,0.7900011978647071,-10,2025-26
2025-11-29,Munster,Stormers,4.474074411398245,10.680188316965152,-0.206113905566907,0.4941684664452635,-6,2025-26
2025-12-19,Cardiff,Scarlets,1.284874624584791,-1.2414570553103141,8.526331679895105,0.7273122794796054,-4,2025-26
2025-12-19,Leinster,Ulster,5.2061195793268435,1.289846842002434,9.916272737324409,0.7590599105359371,4,2025-26
2025-12-20,Benetton,Zebre,-4.655415830173913,-9.61228393187539,10.956868101701478,0.7814450524906009,6,2025-26
2025-12-20,Glasgow,Edinburgh,4.404271896920777,3.8311407698037536,6.573131127117024,0.6794564936257754,12,2025-26
2025-12-20,Sharks,Bulls,-4.229046345773676,1.2639272469821439,0.5070264072441804,0.5143426019169051,9,2025-26
2025-12-20,Dragons,Connacht,-12.24376748332727,1.5840447188698843,-7.827812202197154,0.2893912499365019,20,2025-26
2025-12-20,Stormers,Lions,11.259576926408462,0.16744869693688402,17.09212822947158,0.8872835530139677,7,2025-26
2025-12-20,Ospreys,Munster,-2.2039664573303472,3.8946858019549357,-0.09865225928528298,0.497208777575365,-16,2025-26
2025-12-26,Scarlets,Ospreys,0.011176112679196493,-3.794101231401819,9.805277344081016,0.7566007210681001,-7,2025-26
2025-12-26,Cardiff,Dragons,0.03224145659528044,-9.460986263107554,15.493227719702833,0.8640746292335995,3,2025-26
2025-12-27,Munster,Leinster,5.484820576026408,4.6144923055944025,6.8703282704320054,0.6869620068013896,-5,2025-26
2025-12-27,Connacht,Ulster,-1.1987365013498315,1.8814741157348749,2.919789382915294,0.5820252399300316,-5,2025-26
2025-12-27,Zebre,Benetton,-9.116597121705244,-5.151102640344061,2.0345055186388175,0.5573647252744663,-14,2025-26
2025-12-27,Edinburgh,Glasgow,3.288453882515456,4.946958784209075,4.34149509830638,0.6209236230640062,-18,2025-26
2026-01-01,Ospreys,Cardiff,-2.113573496993717,-1.217081315375003,5.103507818381286,0.6413056422581677,11,2025-26
2026-01-01,Dragons,Scarlets,-8.21166349113727,-1.6693516217289053,-0.542311869408364,0.48465973022171727,23,2025-26
2026-01-02,Ulster,Munster,2.673453054026404,4.2977877489832075,4.375665305043196,0.6218453218878084,25,2025-26
2026-01-03,Glasgow,Zebre,7.1811082940397135,-10.720047673569125,23.901155967608837,0.9549734281962267,37,2025-26
2026-01-03,Leinster,Connacht,5.801525132637603,-1.9907154396413609,13.792240572278965,0.8360056383753736,35,2025-26
2026-01-03,Benetton,Edinburgh,-3.5476520884801794,1.0543043726848178,1.3980435388350028,0.5394912168241162,-1,2025-26
2026-01-03,Sharks,Lions,-3.3797489864980936,1.176661519884042,1.4435894936178644,0.5407733574479021,-1,2025-26
2026-01-03,Stormers,Bulls,10.250364103461305,0.41462988770656173,15.835734215754742,0.8693028515908969,5,2025-26
2026-01-23,Edinburgh,Bulls,1.294108726568318,1.498203309282036,5.795905417286282,0.6594846750308064,-2,2025-26
2026-01-23,Munster,Dragons,2.235354279487527,-5.857432304196433,14.09278658368396,0.841220924646858,2,2025-26
2026-01-23,Ospreys,Lions,-1.5239242788318457,1.4210204692458284,3.055055251922326,0.5857674634880465,0,2025-26
2026-01-24,Connacht,Leinster,-3.6114913824134645,7.422301075409707,-5.033792457823171,0.360543448390793,-11,2025-26
2026-01-24,Zebre,Glasgow,-11.329932076808241,7.7909926972788295,-13.12092477408707,0.17604007886524164,-5,2025-26
2026-01-24,Cardiff,Benetton,-1.8067305335368746,-3.7874564423636796,7.9807259088268045,0.7143061449017092,9,2025-26
2026-01-24,Scarlets,Ulster,-4.023582808669742,4.735886523522085,-2.759469332191827,0.4224197350305984,5,2025-26
2026-01-24,Stormers,Sharks,9.16679068188583,-3.6241079358598802,18.79089861774571,0.908682868159351,-11,2025-26
2026-01-30,Benetton,Scarlets,-3.889383851480999,-3.2476358754505594,5.358252023969561,0.648033926421065,0,2025-26
2026-01-30,Glasgow,Munster,6.978900219870122,1.0260756211191309,11.952824598750993,0.8017024960631403,9,2025-26
2026-01-31,Ulster,Cardiff,3.9599395903029024,-1.7048031244195552,11.664742714722458,0.7959627147490391,7,2025-26
2026-01-31,Ospreys,Dragons,-1.8294298040240782,-4.648153645828037,8.818723841803958,0.7341593035883847,6,2025-26
2026-01-31,Sharks,Stormers,-0.6450180740853089,6.187700820111258,-0.8327188941965673,0.4764529247767545,12,2025-26
2026-01-31,Lions,Bulls,1.7265259944380609,2.277793851010664,5.448732143427398,0.6504126977954144,-35,2025-26
2026-01-31,Zebre,Connacht,-10.517839599399533,-4.208112136631147,-0.3097274627683859,0.49123734440303113,-16,2025-26
2026-01-31,Leinster,Edinburgh,8.01892182962739,0.5145181848396897,13.5044036447877,0.830907882195142,8,2025-26
2026-02-21,Lions,Sharks,-1.818347219904679,0.638253815334348,3.543398964760973,0.5992108030404218,12,2025-26
2026-02-27,Cardiff,Leinster,-1.2383288529473093,7.46848146514862,-2.706810318095929,0.42388192695288546,1,2025-26
2026-02-27,Edinburgh,Scarlets,1.06495854931846,-2.7118106730536033,9.776769222372064,0.7559669194359799,5,2025-26
2026-02-28,Munster,Zebre,1.3213580809942302,-12.086866853122695,19.408224934116923,0.9156618927969193,14,2025-26
2026-02-28,Lions,Stormers,-0.9726871163807763,4.904428930691601,0.122883952927622,0.5034768073631807,14,2025-26
2026-02-28,Dragons,Benetton,-4.366281261647641,-4.425209053877955,6.058927792230314,0.6662971290995053,0,2025-26
2026-02-28,Ospreys,Ulster,-2.111302188204474,3.4934653188306566,0.3952324929648694,0.5111811564851454,11,2025-26
2026-02-28,Bulls,Sharks,5.822667065353404,-0.20740628818955475,12.030073353542958,0.8032248811590985,29,2025-26
2026-02-28,Connacht,Glasgow,-2.6390848829079854,6.683617759995023,-3.3227026429030087,0.40685109982910467,5,2025-26
2026-03-13,Connacht,Scarlets,-1.8068146186176843,-2.234133750816397,6.427319132198713,0.6757468468803594,17,2025-26
2026-03-13,Edinburgh,Ulster,0.5872816270812535,2.4329885681271435,4.15429305895411,0.6158620013996114,-21,2025-26
2026-03-14,Bulls,Stormers,7.519659729999107,3.516717325984364,10.002942404014743,0.7609707086991258,-13,2025-26
2026-03-20,Scarlets,Zebre,-3.291401837596526,-11.546044359711003,14.254642522114477,0.8439840205336975,19,2025-26
2026-03-20,Ulster,Connacht,4.948417874022555,-0.7495465318375556,11.69796440586011,0.7966296333030709,-7,2025-26
2026-03-20,Bulls,Cardiff,5.219365489597633,-0.8676478211377163,12.08701331073535,0.8043424847602442,33,2025-26
2026-03-21,Benetton,Ospreys,-3.819316274654924,-1.050825437500961,3.231509162846037,0.590637452968368,12,2025-26
2026-03-21,Lions,Edinburgh,0.41502448832646144,-1.9281476788141578,8.343172167140619,0.7229790531939959,37,2025-26
2026-03-21,Glasgow,Leinster,5.851347495704722,7.097800433339027,4.753547062365695,0.6319909243369982,21,2025-26
2026-03-21,Sharks,Munster,-1.9043989528352587,0.7805355875825379,3.315065459582204,0.5929387192916619,45,2025-26
2026-03-22,Stormers,Dragons,5.817011566385839,-4.972174040870673,16.789185607256513,0.8831187061281711,8,2025-26
2026-03-27,Sharks,Cardiff,0.7640945012065212,-2.6589464900641815,9.423040991270703,0.7480291920735289,6,2025-26
2026-03-27,Glasgow,Benetton,7.475992789468153,-2.9424671909395275,16.41845998040768,0.8778750587128852,21,2025-26
2026-03-27,Leinster,Scarlets,5.473155139575597,-2.8168660898079736,14.29002122938357,0.8445837359853632,17,2025-26
2026-03-28,Bulls,Munster,7.010664158524098,-1.887957866459242,14.89862202498334,0.8546620091582182,3,2025-26
2026-03-28,Connacht,Ospreys,1.1202499087484556,-1.9276745212163573,9.047924429964812,0.739464955949987,7,2025-26
2026-03-28,Lions,Dragons,2.5807072716123995,-4.093255480145022,12.673962751757422,0.815637076132818,16,2025-26
2026-03-28,Stormers,Edinburgh,4.938093005660187,-4.093830462100096,15.031923467760283,0.8568093932156605,19,2025-26
2026-03-28,Zebre,Ulster,-12.020580107499555,3.0786214334365436,-9.099201540936098,0.2593555625043359,-16,2025-26
2026-04-17,Ulster,Leinster,3.7687012793429338,5.74415301663724,4.024548262705695,0.6123422364873532,-8,2025-26
2026-04-17,Edinburgh,Zebre,-4.490638115324067,-12.710659953405944,14.220021838081877,0.8433956799773518,1,2025-26
2026-04-17,Dragons,Bulls,-4.42585920496928,5.820801956025764,-4.2466611609950435,0.3816379936861116,-40,2025-26
2026-04-18,Stormers,Connacht,5.334900658884159,0.9154574657519744,10.419443193132185,0.7700366648313698,-9,2025-26
2026-04-18,Lions,Glasgow,2.9133109964366573,7.934146791427385,0.9791642050092717,0.5276820041508834,42,2025-26
2026-04-18,Scarlets,Cardiff,-3.087863966869617,-2.316642390937111,5.228778424067494,0.6446199146250717,-4,2025-26
2026-04-18,Benetton,Munster,-3.4006211928987597,-0.6980956639609079,3.297474471062148,0.5924545006657141,-30,2025-26
2026-04-18,Ospreys,Sharks,-1.7228820782198762,0.4217904020794509,3.855327519700673,0.6077376857465583,4,2025-26
2026-04-24,Edinburgh,Sharks,-5.812640299132255,0.4073231540495182,-0.21996345318177318,0.4937766551499931,5,2025-26
2026-04-24,Zebre,Dragons,-11.388657769597756,-7.001193088869776,1.6125353192720198,0.5455254567822199,-1,2025-26
2026-04-24,Cardiff,Ospreys,-1.3937645485303616,-1.7084148301899436,6.314650281659582,0.6728683836678915,3,2025-26
2026-04-25,Munster,Ulster,2.6316517831453066,2.566246453072364,6.0654053300729425,0.6664642233173453,27,2025-26
2026-04-25,Stormers,Glasgow,3.39295633957094,5.032063211928312,4.360893127642628,0.6214469455171948,36,2025-26
2026-04-25,Benetton,Leinster,-6.730368640004974,6.9466078429078095,-7.676976482912783,0.29306027603077967,3,2025-26
2026-04-25,Scarlets,Bulls,-4.010741809276366,8.39613583992626,-6.406877649202626,0.32477461913727657,-2,2025-26
2026-04-25,Lions,Connacht,5.815394575935731,2.857401785065193,8.957992790870538,0.7373896897424953,12,2025-26
2026-05-08,Glasgow,Cardiff,2.4681525246925746,-1.7252295766963197,10.193382101388893,0.7651400598913024,23,2025-26
2026-05-08,Ulster,Stormers,0.4727869860796581,5.956867026806678,0.5159199592729804,0.5145940686050726,0,2025-26
2026-05-09,Connacht,Munster,2.5532010641522467,4.725111250138013,3.828089814014235,0.6069951088776406,19,2025-26
2026-05-09,Bulls,Zebre,7.955448075005997,-11.64991130152496,25.605359376530956,0.9653135050079578,35,2025-26
2026-05-09,Sharks,Benetton,-0.1146731912686591,-5.6626709917136955,11.547997800445035,0.793608771891325,39,2025-26
2026-05-09,Ospreys,Scarlets,-1.3769498020239852,-3.5700540443561035,8.193104242332119,0.7194037737126687,7,2025-26
2026-05-09,Leinster,Lions,5.878910194616531,6.119595296848677,5.759314897767854,0.6585327565200363,24,2025-26
2026-05-09,Dragons,Edinburgh,-6.739939556942574,-5.290643953814078,4.550704396871503,0.6265558126150852,-9,2025-26
2026-05-15,Edinburgh,Connacht,-3.9355735141269275,4.070392082750823,-2.0059655968777506,0.4434345306489171,-21,2025-26
2026-05-15,Cardiff,Stormers,-3.0058913665574307,6.008459022733976,-3.0143503892914065,0.415357862246296,6,2025-26
2026-05-15,Ulster,Glasgow,0.42119499015236006,3.7488143145536856,2.6723806755986743,0.5751614910185512,-4,2025-26
2026-05-16,Scarlets,Dragons,-3.450743620122892,-8.095009996629724,10.644266376506831,0.7748492601433712,0,2025-26
2026-05-16,Leinster,Ospreys,7.702978704839746,-1.4962602262571971,15.199238931096943,0.8594742427475011,54,2025-26
2026-05-16,Munster,Lions,3.207920231539436,4.295526786625462,4.912393444913974,0.6362288590838711,7,2025-26
2026-05-16,Sharks,Zebre,1.7305270286868375,-12.089375363871863,19.8199023925587,0.9200884604379771,35,2025-26
2026-05-16,Bulls,Benetton,8.3949121373529,-7.507871211669192,21.902783349022094,0.9398348722472689,26,2025-26
2026-05-29,Glasgow,Connacht,4.416052382113553,5.969795523063048,4.446256859050504,0.6237472413887756,12,2025-26
2026-05-30,Bulls,Munster,8.804633802450692,3.416680887048039,11.387952915402654,0.7903557478903296,31,2025-26
2026-05-30,Stormers,Cardiff,5.107023983804835,-2.10445632762829,13.211480311433125,0.825616713729728,23,2025-26
2026-05-30,Leinster,Lions,9.183054811730052,4.0867661311168595,11.096288680613192,0.7843505284345622,49,2025-26
2026-06-06,Glasgow,Bulls,5.171426696208503,10.665838510910426,0.5055881852980768,0.5143019354096837,-1,2025-26
2026-06-06,Leinster,Stormers,11.073425943668733,6.085875952661523,10.987549991007208,0.7820863795032125,9,2025-26
2026-06-19,Leinster,Bulls,10.874670944568011,10.816397329440234,6.058273615127776,0.6662802521476194,29,2025-26
